Event Index,UTC Timestamp,UTC Date and Time,Local Timestamp,Local Timezone,Local Date and Time,Experiment ID,Experiment Version,Tree Node Key,Repeat Key,Schedule ID,Participant Public ID,Participant Private ID,Participant Starting Group,Participant Status,Participant Completion Code,Participant External Session ID,Participant Device Type,Participant Device,Participant OS,Participant Browser,Participant Monitor Size,Participant Viewport Size,Checkpoint,Room ID,Room Order,Task Name,Task Version,checkpoint-eqdz,branch-m64g,branch-jfu9,branch-n4qm,branch-vz7v,randomiser-q5z8,branch-gyqg,branch-lrfh,checkpoint-pq3t,checkpoint-p1b9,branch-pusb,Manipulation: Spreadsheet,Spreadsheet Name,Spreadsheet Row,Trial Number,Screen Number,Screen Name,Zone Name,Zone Type,Reaction Time,Reaction Onset,Response,Attempt,Correct,Dishonest,X Coordinate,Y Coordinate,Timed Out,randomise_blocks,randomise_trials,display,compQ,compQleft,compQright,compQans,picture,audio
1,1765234890913,08/12/2025 23:01:30,1765234877712,-5,08/12/2025 18:01:17,250842,10,task-zmm2,,51269968,670391e01385e6794f0eff25,14710098,,complete,,6938a58edf434b9f87cd0a5c,computer,Desktop or Laptop,Windows 10,Edge 142.0.0.0,1536x864,1528x698,day1done,,,Exposure: Story (no orth),6,day1done,attention_pass,audio-Success,,,A,,,,,eligible,story_A_picOnly,,,BEGIN TASK,,,,,,,,,,,,,,,,,,,,,,
2,1765234896338,08/12/2025 23:01:36,1765234882917,-5,08/12/2025 18:01:22,250842,10,task-zmm2,,51269968,670391e01385e6794f0eff25,14710098,,complete,,6938a58edf434b9f87cd0a5c,computer,Desktop or Laptop,Windows 10,Edge 142.0.0.0,1536x864,1528x698,day1done,,,Exposure: Story (no orth),6,day1done,attention_pass,audio-Success,,,A,,,,,eligible,story_A_picOnly,story_A_picOnly,1,1,1,Screen 2,advancementZone,continue_button,5094.4000000003725,,,0,,,,,,,,instructions,,,,,,
3,1765234908913,08/12/2025 23:01:48,1765234895495,-5,08/12/2025 18:01:35,250842,10,task-zmm2,,51269968,670391e01385e6794f0eff25,14710098,,complete,,6938a58edf434b9f87cd0a5c,computer,Desktop or Laptop,Windows 10,Edge 142.0.0.0,1536x864,1528x698,day1done,,,Exposure: Story (no orth),6,day1done,attention_pass,audio-Success,,,A,,,,,eligible,story_A_picOnly,story_A_picOnly,1,1,2,Screen 1,advancementZone,continue_button,12546.5,,,0,,,,,,,,instructions,,,,,,
4,1765234912964,08/12/2025 23:01:52,1765234899814,-5,08/12/2025 18:01:39,250842,10,task-zmm2,,51269968,670391e01385e6794f0eff25,14710098,,complete,,6938a58edf434b9f87cd0a5c,computer,Desktop or Laptop,Windows 10,Edge 142.0.0.0,1536x864,1528x698,day1done,,,Exposure: Story (no orth),6,day1done,attention_pass,audio-Success,,,A,,,,,eligible,story_A_picOnly,story_A_picOnly,2,1,1,Screen 1,advancementZone,continue_button,4277.9000000003725,,,0,,,,,,,,storyTitle,,,,,Title.JPG,
5,1765234942426,08/12/2025 23:02:22,1765234928996,-5,08/12/2025 18:02:08,250842,10,task-zmm2,,51269968,670391e01385e6794f0eff25,14710098,,complete,,6938a58edf434b9f87cd0a5c,computer,Desktop or Laptop,Windows 10,Edge 142.0.0.0,1536x864,1528x698,day1done,,,Exposure: Story (no orth),6,day1done,attention_pass,audio-Success,,,A,,,,,eligible,story_A_picOnly,story_A_picOnly,3,1,1,Screen 1,storyAudio,content_audio,29144.599999999627,,,0,,,,,,,,storyScreens,,,,,Scene1.JPG,CA_P1.mp3
6,1765234973533,08/12/2025 23:02:53,1765234960115,-5,08/12/2025 18:02:40,250842,10,task-zmm2,,51269968,670391e01385e6794f0eff25,14710098,,complete,,6938a58edf434b9f87cd0a5c,computer,Desktop or Laptop,Windows 10,Edge 142.0.0.0,1536x864,1528x698,day1done,,,Exposure: Story (no orth),6,day1done,attention_pass,audio-Success,,,A,,,,,eligible,story_A_picOnly,story_A_picOnly,4,2,1,Screen 1,storyAudio,content_audio,31071.400000000373,,,0,,,,,,,,storyScreens,,,,,Scene2.JPG,CA_P2.mp3
7,1765235020534,08/12/2025 23:03:40,1765235007095,-5,08/12/2025 18:03:27,250842,10,task-zmm2,,51269968,670391e01385e6794f0eff25,14710098,,complete,,6938a58edf434b9f87cd0a5c,computer,Desktop or Laptop,Windows 10,Edge 142.0.0.0,1536x864,1528x698,day1done,,,Exposure: Story (no orth),6,day1done,attention_pass,audio-Success,,,A,,,,,eligible,story_A_picOnly,story_A_picOnly,5,3,1,Screen 1,storyAudio,content_audio,46945.699999999255,,,0,,,,,,,,storyScreens,,,,,Scene3.JPG,CA_P3.mp3
8,1765235065889,08/12/2025 23:04:25,1765235052435,-5,08/12/2025 18:04:12,250842,10,task-zmm2,,51269968,670391e01385e6794f0eff25,14710098,,complete,,6938a58edf434b9f87cd0a5c,computer,Desktop or Laptop,Windows 10,Edge 142.0.0.0,1536x864,1528x698,day1done,,,Exposure: Story (no orth),6,day1done,attention_pass,audio-Success,,,A,,,,,eligible,story_A_picOnly,story_A_picOnly,6,4,1,Screen 1,storyAudio,content_audio,45301.5,,,0,,,,,,,,storyScreens,,,,,Scene4.JPG,CA_P4.mp3
9,1765235098381,08/12/2025 23:04:58,1765235084956,-5,08/12/2025 18:04:44,250842,10,task-zmm2,,51269968,670391e01385e6794f0eff25,14710098,,complete,,6938a58edf434b9f87cd0a5c,computer,Desktop or Laptop,Windows 10,Edge 142.0.0.0,1536x864,1528x698,day1done,,,Exposure: Story (no orth),6,day1done,attention_pass,audio-Success,,,A,,,,,eligible,story_A_picOnly,story_A_picOnly,7,5,1,Screen 1,storyAudio,content_audio,32470.300000000745,,,0,,,,,,,,storyScreens,,,,,Scene5.JPG,CA_P5.mp3
10,1765235148998,08/12/2025 23:05:48,1765235135557,-5,08/12/2025 18:05:35,250842,10,task-zmm2,,51269968,670391e01385e6794f0eff25,14710098,,complete,,6938a58edf434b9f87cd0a5c,computer,Desktop or Laptop,Windows 10,Edge 142.0.0.0,1536x864,1528x698,day1done,,,Exposure: Story (no orth),6,day1done,attention_pass,audio-Success,,,A,,,,,eligible,story_A_picOnly,story_A_picOnly,8,6,1,Screen 1,storyAudio,content_audio,50555.300000000745,,,0,,,,,,,,storyScreens,,,,,Scene6.JPG,CA_P6.mp3
11,1765235176411,08/12/2025 23:06:16,1765235162977,-5,08/12/2025 18:06:02,250842,10,task-zmm2,,51269968,670391e01385e6794f0eff25,14710098,,complete,,6938a58edf434b9f87cd0a5c,computer,Desktop or Laptop,Windows 10,Edge 142.0.0.0,1536x864,1528x698,day1done,,,Exposure: Story (no orth),6,day1done,attention_pass,audio-Success,,,A,,,,,eligible,story_A_picOnly,story_A_picOnly,9,7,1,Screen 1,storyAudio,content_audio,27366.599999999627,,,0,,,,,,,,storyScreens,,,,,Scene7.JPG,CA_P7.mp3
12,1765235208849,08/12/2025 23:06:48,1765235195416,-5,08/12/2025 18:06:35,250842,10,task-zmm2,,51269968,670391e01385e6794f0eff25,14710098,,complete,,6938a58edf434b9f87cd0a5c,computer,Desktop or Laptop,Windows 10,Edge 142.0.0.0,1536x864,1528x698,day1done,,,Exposure: Story (no orth),6,day1done,attention_pass,audio-Success,,,A,,,,,eligible,story_A_picOnly,story_A_picOnly,10,8,1,Screen 1,storyAudio,content_audio,32382.900000000373,,,0,,,,,,,,storyScreens,,,,,Scene8.JPG,CA_P8.mp3
13,1765235255115,08/12/2025 23:07:35,1765235241676,-5,08/12/2025 18:07:21,250842,10,task-zmm2,,51269968,670391e01385e6794f0eff25,14710098,,complete,,6938a58edf434b9f87cd0a5c,computer,Desktop or Laptop,Windows 10,Edge 142.0.0.0,1536x864,1528x698,day1done,,,Exposure: Story (no orth),6,day1done,attention_pass,audio-Success,,,A,,,,,eligible,story_A_picOnly,story_A_picOnly,11,9,1,Screen 1,storyAudio,content_audio,46213.40000000037,,,0,,,,,,,,storyScreens,,,,,Scene9.JPG,CA_P9.mp3
14,1765235269180,08/12/2025 23:07:49,1765235255756,-5,08/12/2025 18:07:35,250842,10,task-zmm2,,51269968,670391e01385e6794f0eff25,14710098,,complete,,6938a58edf434b9f87cd0a5c,computer,Desktop or Laptop,Windows 10,Edge 142.0.0.0,1536x864,1528x698,day1done,,,Exposure: Story (no orth),6,day1done,attention_pass,audio-Success,,,A,,,,,eligible,story_A_picOnly,story_A_picOnly,12,10,1,Screen 1,storyAudio,content_audio,14028.39999999851,,,0,,,,,,,,storyScreens,,,,,Scene10.JPG,CA_P10.mp3
15,1765235281159,08/12/2025 23:08:01,1765235268016,-5,08/12/2025 18:07:48,250842,10,task-zmm2,,51269968,670391e01385e6794f0eff25,14710098,,complete,,6938a58edf434b9f87cd0a5c,computer,Desktop or Laptop,Windows 10,Edge 142.0.0.0,1536x864,1528x698,day1done,,,Exposure: Story (no orth),6,day1done,attention_pass,audio-Success,,,A,,,,,eligible,story_A_picOnly,story_A_picOnly,13,11,1,Screen 1,storyAudio,content_audio,12219.39999999851,,,0,,,,,,,,storyScreens,,,,,Scene11.JPG,CA_P11.mp3
16,1765235293295,08/12/2025 23:08:13,1765235279877,-5,08/12/2025 18:07:59,250842,10,task-zmm2,,51269968,670391e01385e6794f0eff25,14710098,,complete,,6938a58edf434b9f87cd0a5c,computer,Desktop or Laptop,Windows 10,Edge 142.0.0.0,1536x864,1528x698,day1done,,,Exposure: Story (no orth),6,day1done,attention_pass,audio-Success,,,A,,,,,eligible,story_A_picOnly,story_A_picOnly,14,12,1,Screen 1,storyAudio,content_audio,11815.39999999851,,,0,,,,,,,,storyScreens,,,,,Scene12.JPG,CA_P12.mp3
17,1765235305481,08/12/2025 23:08:25,1765235292056,-5,08/12/2025 18:08:12,250842,10,task-zmm2,,51269968,670391e01385e6794f0eff25,14710098,,complete,,6938a58edf434b9f87cd0a5c,computer,Desktop or Laptop,Windows 10,Edge 142.0.0.0,1536x864,1528x698,day1done,,,Exposure: Story (no orth),6,day1done,attention_pass,audio-Success,,,A,,,,,eligible,story_A_picOnly,story_A_picOnly,15,13,1,Screen 1,storyAudio,content_audio,12138.700000001118,,,0,,,,,,,,storyScreens,,,,,Scene13.JPG,CA_P13.mp3
18,1765235326713,08/12/2025 23:08:46,1765235313256,-5,08/12/2025 18:08:33,250842,10,task-zmm2,,51269968,670391e01385e6794f0eff25,14710098,,complete,,6938a58edf434b9f87cd0a5c,computer,Desktop or Laptop,Windows 10,Edge 142.0.0.0,1536x864,1528x698,day1done,,,Exposure: Story (no orth),6,day1done,attention_pass,audio-Success,,,A,,,,,eligible,story_A_picOnly,story_A_picOnly,16,14,1,Screen 1,storyAudio,content_audio,21162.400000000373,,,0,,,,,,,,storyScreens,,,,,Scene14.JPG,CA_P14.mp3
19,1765235342908,08/12/2025 23:09:02,1765235329756,-5,08/12/2025 18:08:49,250842,10,task-zmm2,,51269968,670391e01385e6794f0eff25,14710098,,complete,,6938a58edf434b9f87cd0a5c,computer,Desktop or Laptop,Windows 10,Edge 142.0.0.0,1536x864,1528x698,day1done,,,Exposure: Story (no orth),6,day1done,attention_pass,audio-Success,,,A,,,,,eligible,story_A_picOnly,story_A_picOnly,17,15,1,Screen 1,storyAudio,content_audio,16449.299999998882,,,0,,,,,,,,storyScreens,,,,,Scene15.JPG,CA_P15.mp3
20,1765235351778,08/12/2025 23:09:11,1765235338356,-5,08/12/2025 18:08:58,250842,10,task-zmm2,,51269968,670391e01385e6794f0eff25,14710098,,complete,,6938a58edf434b9f87cd0a5c,computer,Desktop or Laptop,Windows 10,Edge 142.0.0.0,1536x864,1528x698,day1done,,,Exposure: Story (no orth),6,day1done,attention_pass,audio-Success,,,A,,,,,eligible,story_A_picOnly,story_A_picOnly,18,1,1,Screen 1,advancementZone,continue_button,8551.599999999627,,,0,,,,,,,,comprehensionInstructions,,,,,,
21,1765235353667,08/12/2025 23:09:13,1765235340521,-5,08/12/2025 18:09:00,250842,10,task-zmm2,,51269968,670391e01385e6794f0eff25,14710098,,complete,,6938a58edf434b9f87cd0a5c,computer,Desktop or Laptop,Windows 10,Edge 142.0.0.0,1536x864,1528x698,day1done,,,Exposure: Story (no orth),6,day1done,attention_pass,audio-Success,,,A,,,,,eligible,story_A_picOnly,story_A_picOnly,19,1,1,Screen 1,Zone1,response_button_text,2115.5999999996275,,Archie,1,1,,,,,,1,comprehensionQs,What was the boy character called?,Andy,Archie,Archie,,
22,1765235356159,08/12/2025 23:09:16,1765235342745,-5,08/12/2025 18:09:02,250842,10,task-zmm2,,51269968,670391e01385e6794f0eff25,14710098,,complete,,6938a58edf434b9f87cd0a5c,computer,Desktop or Laptop,Windows 10,Edge 142.0.0.0,1536x864,1528x698,day1done,,,Exposure: Story (no orth),6,day1done,attention_pass,audio-Success,,,A,,,,,eligible,story_A_picOnly,story_A_picOnly,22,2,1,Screen 1,Zone1,response_button_text,2208.7000000011176,,Intergalactic Zoo,1,1,,,,,,1,comprehensionQs,Where did they go?,Intergalactic Fairground,Intergalactic Zoo,Intergalactic Zoo,,
23,1765235358271,08/12/2025 23:09:18,1765235345131,-5,08/12/2025 18:09:05,250842,10,task-zmm2,,51269968,670391e01385e6794f0eff25,14710098,,complete,,6938a58edf434b9f87cd0a5c,computer,Desktop or Laptop,Windows 10,Edge 142.0.0.0,1536x864,1528x698,day1done,,,Exposure: Story (no orth),6,day1done,attention_pass,audio-Success,,,A,,,,,eligible,story_A_picOnly,story_A_picOnly,20,3,1,Screen 1,advancementZone,response_button_text,2352.699999999255,,Krista,1,1,,,,,,1,comprehensionQs,What was the girl character called?,Krista,Crystal,Krista,,
24,1765235360487,08/12/2025 23:09:20,1765235347340,-5,08/12/2025 18:09:07,250842,10,task-zmm2,,51269968,670391e01385e6794f0eff25,14710098,,complete,,6938a58edf434b9f87cd0a5c,computer,Desktop or Laptop,Windows 10,Edge 142.0.0.0,1536x864,1528x698,day1done,,,Exposure: Story (no orth),6,day1done,attention_pass,audio-Success,,,A,,,,,eligible,story_A_picOnly,story_A_picOnly,21,4,1,Screen 1,advancementZone,response_button_text,2196.0999999996275,,Green,1,1,,,,,,1,comprehensionQs,What colour were the main characters?,Green,Yellow,Green,,
25,1765235360606,08/12/2025 23:09:20,1765235347349,-5,08/12/2025 18:09:07,250842,10,task-zmm2,,51269968,670391e01385e6794f0eff25,14710098,,complete,,6938a58edf434b9f87cd0a5c,computer,Desktop or Laptop,Windows 10,Edge 142.0.0.0,1536x864,1528x698,day1done,,,Exposure: Story (no orth),6,day1done,attention_pass,audio-Success,,,A,,,,,eligible,story_A_picOnly,,,END TASK,,,,,469637,,,,,,,,,,,,,,,,,
1,1765579924998,12/12/2025 22:52:04,1765579905379,-5,12/12/2025 17:51:45,250842,10,task-zmm2,,51378425,5cfc7489e289a80016b6e29f,14743093,,complete,,693ec363e28337b737f00921,computer,Desktop or Laptop,Windows 10,Firefox 145.0,1920x1080,1869x955,day1done,,,Exposure: Story (no orth),6,day1done,attention_pass,audio-Success,,,A,,,,,eligible,story_A_picOnly,,,BEGIN TASK,,,,,,,,,,,,,,,,,,,,,,
2,1765579926282,12/12/2025 22:52:06,1765579906682,-5,12/12/2025 17:51:46,250842,10,task-zmm2,,51378425,5cfc7489e289a80016b6e29f,14743093,,complete,,693ec363e28337b737f00921,computer,Desktop or Laptop,Windows 10,Firefox 145.0,1920x1080,1869x955,day1done,,,Exposure: Story (no orth),6,day1done,attention_pass,audio-Success,,,A,,,,,eligible,story_A_picOnly,story_A_picOnly,1,1,1,Screen 2,advancementZone,continue_button,1291,,,0,,,,,,,,instructions,,,,,,
3,1765579936728,12/12/2025 22:52:16,1765579917132,-5,12/12/2025 17:51:57,250842,10,task-zmm2,,51378425,5cfc7489e289a80016b6e29f,14743093,,complete,,693ec363e28337b737f00921,computer,Desktop or Laptop,Windows 10,Firefox 145.0,1920x1080,1869x955,day1done,,,Exposure: Story (no orth),6,day1done,attention_pass,audio-Success,,,A,,,,,eligible,story_A_picOnly,story_A_picOnly,1,1,2,Screen 1,advancementZone,continue_button,10446,,,0,,,,,,,,instructions,,,,,,
4,1765579945392,12/12/2025 22:52:25,1765579925819,-5,12/12/2025 17:52:05,250842,10,task-zmm2,,51378425,5cfc7489e289a80016b6e29f,14743093,,complete,,693ec363e28337b737f00921,computer,Desktop or Laptop,Windows 10,Firefox 145.0,1920x1080,1869x955,day1done,,,Exposure: Story (no orth),6,day1done,attention_pass,audio-Success,,,A,,,,,eligible,story_A_picOnly,story_A_picOnly,2,1,1,Screen 1,advancementZone,continue_button,8680,,,0,,,,,,,,storyTitle,,,,,Title.JPG,
5,1765579974463,12/12/2025 22:52:54,1765579954891,-5,12/12/2025 17:52:34,250842,10,task-zmm2,,51378425,5cfc7489e289a80016b6e29f,14743093,,complete,,693ec363e28337b737f00921,computer,Desktop or Laptop,Windows 10,Firefox 145.0,1920x1080,1869x955,day1done,,,Exposure: Story (no orth),6,day1done,attention_pass,audio-Success,,,A,,,,,eligible,story_A_picOnly,story_A_picOnly,3,1,1,Screen 1,storyAudio,content_audio,29066,,,0,,,,,,,,storyScreens,,,,,Scene1.JPG,CA_P1.mp3
6,1765580005447,12/12/2025 22:53:25,1765579985881,-5,12/12/2025 17:53:05,250842,10,task-zmm2,,51378425,5cfc7489e289a80016b6e29f,14743093,,complete,,693ec363e28337b737f00921,computer,Desktop or Laptop,Windows 10,Firefox 145.0,1920x1080,1869x955,day1done,,,Exposure: Story (no orth),6,day1done,attention_pass,audio-Success,,,A,,,,,eligible,story_A_picOnly,story_A_picOnly,4,2,1,Screen 1,storyAudio,content_audio,30980,,,0,,,,,,,,storyScreens,,,,,Scene2.JPG,CA_P2.mp3
7,1765580052333,12/12/2025 22:54:12,1765580032750,-5,12/12/2025 17:53:52,250842,10,task-zmm2,,51378425,5cfc7489e289a80016b6e29f,14743093,,complete,,693ec363e28337b737f00921,computer,Desktop or Laptop,Windows 10,Firefox 145.0,1920x1080,1869x955,day1done,,,Exposure: Story (no orth),6,day1done,attention_pass,audio-Success,,,A,,,,,eligible,story_A_picOnly,story_A_picOnly,5,3,1,Screen 1,storyAudio,content_audio,46865,,,0,,,,,,,,storyScreens,,,,,Scene3.JPG,CA_P3.mp3
8,1765580097543,12/12/2025 22:54:57,1765580077970,-5,12/12/2025 17:54:37,250842,10,task-zmm2,,51378425,5cfc7489e289a80016b6e29f,14743093,,complete,,693ec363e28337b737f00921,computer,Desktop or Laptop,Windows 10,Firefox 145.0,1920x1080,1869x955,day1done,,,Exposure: Story (no orth),6,day1done,attention_pass,audio-Success,,,A,,,,,eligible,story_A_picOnly,story_A_picOnly,6,4,1,Screen 1,storyAudio,content_audio,45216,,,0,,,,,,,,storyScreens,,,,,Scene4.JPG,CA_P4.mp3
9,1765580129906,12/12/2025 22:55:29,1765580110330,-5,12/12/2025 17:55:10,250842,10,task-zmm2,,51378425,5cfc7489e289a80016b6e29f,14743093,,complete,,693ec363e28337b737f00921,computer,Desktop or Laptop,Windows 10,Firefox 145.0,1920x1080,1869x955,day1done,,,Exposure: Story (no orth),6,day1done,attention_pass,audio-Success,,,A,,,,,eligible,story_A_picOnly,story_A_picOnly,7,5,1,Screen 1,storyAudio,content_audio,32355,,,0,,,,,,,,storyScreens,,,,,Scene5.JPG,CA_P5.mp3
10,1765580180352,12/12/2025 22:56:20,1765580160771,-5,12/12/2025 17:56:00,250842,10,task-zmm2,,51378425,5cfc7489e289a80016b6e29f,14743093,,complete,,693ec363e28337b737f00921,computer,Desktop or Laptop,Windows 10,Firefox 145.0,1920x1080,1869x955,day1done,,,Exposure: Story (no orth),6,day1done,attention_pass,audio-Success,,,A,,,,,eligible,story_A_picOnly,story_A_picOnly,8,6,1,Screen 1,storyAudio,content_audio,50435,,,0,,,,,,,,storyScreens,,,,,Scene6.JPG,CA_P6.mp3
11,1765580207626,12/12/2025 22:56:47,1765580188040,-5,12/12/2025 17:56:28,250842,10,task-zmm2,,51378425,5cfc7489e289a80016b6e29f,14743093,,complete,,693ec363e28337b737f00921,computer,Desktop or Laptop,Windows 10,Firefox 145.0,1920x1080,1869x955,day1done,,,Exposure: Story (no orth),6,day1done,attention_pass,audio-Success,,,A,,,,,eligible,story_A_picOnly,story_A_picOnly,9,7,1,Screen 1,storyAudio,content_audio,27266,,,0,,,,,,,,storyScreens,,,,,Scene7.JPG,CA_P7.mp3
12,1765580239899,12/12/2025 22:57:19,1765580220330,-5,12/12/2025 17:57:00,250842,10,task-zmm2,,51378425,5cfc7489e289a80016b6e29f,14743093,,complete,,693ec363e28337b737f00921,computer,Desktop or Laptop,Windows 10,Firefox 145.0,1920x1080,1869x955,day1done,,,Exposure: Story (no orth),6,day1done,attention_pass,audio-Success,,,A,,,,,eligible,story_A_picOnly,story_A_picOnly,10,8,1,Screen 1,storyAudio,content_audio,32285,,,0,,,,,,,,storyScreens,,,,,Scene8.JPG,CA_P8.mp3
13,1765580286035,12/12/2025 22:58:06,1765580266460,-5,12/12/2025 17:57:46,250842,10,task-zmm2,,51378425,5cfc7489e289a80016b6e29f,14743093,,complete,,693ec363e28337b737f00921,computer,Desktop or Laptop,Windows 10,Firefox 145.0,1920x1080,1869x955,day1done,,,Exposure: Story (no orth),6,day1done,attention_pass,audio-Success,,,A,,,,,eligible,story_A_picOnly,story_A_picOnly,11,9,1,Screen 1,storyAudio,content_audio,46126,,,0,,,,,,,,storyScreens,,,,,Scene9.JPG,CA_P9.mp3
14,1765580300003,12/12/2025 22:58:20,1765580280409,-5,12/12/2025 17:58:00,250842,10,task-zmm2,,51378425,5cfc7489e289a80016b6e29f,14743093,,complete,,693ec363e28337b737f00921,computer,Desktop or Laptop,Windows 10,Firefox 145.0,1920x1080,1869x955,day1done,,,Exposure: Story (no orth),6,day1done,attention_pass,audio-Success,,,A,,,,,eligible,story_A_picOnly,story_A_picOnly,12,10,1,Screen 1,storyAudio,content_audio,13944,,,0,,,,,,,,storyScreens,,,,,Scene10.JPG,CA_P10.mp3
15,1765580312132,12/12/2025 22:58:32,1765580292560,-5,12/12/2025 17:58:12,250842,10,task-zmm2,,51378425,5cfc7489e289a80016b6e29f,14743093,,complete,,693ec363e28337b737f00921,computer,Desktop or Laptop,Windows 10,Firefox 145.0,1920x1080,1869x955,day1done,,,Exposure: Story (no orth),6,day1done,attention_pass,audio-Success,,,A,,,,,eligible,story_A_picOnly,story_A_picOnly,13,11,1,Screen 1,storyAudio,content_audio,12145,,,0,,,,,,,,storyScreens,,,,,Scene11.JPG,CA_P11.mp3
16,1765580323882,12/12/2025 22:58:43,1765580304290,-5,12/12/2025 17:58:24,250842,10,task-zmm2,,51378425,5cfc7489e289a80016b6e29f,14743093,,complete,,693ec363e28337b737f00921,computer,Desktop or Laptop,Windows 10,Firefox 145.0,1920x1080,1869x955,day1done,,,Exposure: Story (no orth),6,day1done,attention_pass,audio-Success,,,A,,,,,eligible,story_A_picOnly,story_A_picOnly,14,12,1,Screen 1,storyAudio,content_audio,11726,,,0,,,,,,,,storyScreens,,,,,Scene12.JPG,CA_P12.mp3
17,1765580335952,12/12/2025 22:58:55,1765580316370,-5,12/12/2025 17:58:36,250842,10,task-zmm2,,51378425,5cfc7489e289a80016b6e29f,14743093,,complete,,693ec363e28337b737f00921,computer,Desktop or Laptop,Windows 10,Firefox 145.0,1920x1080,1869x955,day1done,,,Exposure: Story (no orth),6,day1done,attention_pass,audio-Success,,,A,,,,,eligible,story_A_picOnly,story_A_picOnly,15,13,1,Screen 1,storyAudio,content_audio,12074,,,0,,,,,,,,storyScreens,,,,,Scene13.JPG,CA_P13.mp3
18,1765580357032,12/12/2025 22:59:17,1765580337451,-5,12/12/2025 17:58:57,250842,10,task-zmm2,,51378425,5cfc7489e289a80016b6e29f,14743093,,complete,,693ec363e28337b737f00921,computer,Desktop or Laptop,Windows 10,Firefox 145.0,1920x1080,1869x955,day1done,,,Exposure: Story (no orth),6,day1done,attention_pass,audio-Success,,,A,,,,,eligible,story_A_picOnly,story_A_picOnly,16,14,1,Screen 1,storyAudio,content_audio,21077,,,0,,,,,,,,storyScreens,,,,,Scene14.JPG,CA_P14.mp3
19,1765580373409,12/12/2025 22:59:33,1765580353831,-5,12/12/2025 17:59:13,250842,10,task-zmm2,,51378425,5cfc7489e289a80016b6e29f,14743093,,complete,,693ec363e28337b737f00921,computer,Desktop or Laptop,Windows 10,Firefox 145.0,1920x1080,1869x955,day1done,,,Exposure: Story (no orth),6,day1done,attention_pass,audio-Success,,,A,,,,,eligible,story_A_picOnly,story_A_picOnly,17,15,1,Screen 1,storyAudio,content_audio,16376,,,0,,,,,,,,storyScreens,,,,,Scene15.JPG,CA_P15.mp3
20,1765580379044,12/12/2025 22:59:39,1765580359465,-5,12/12/2025 17:59:19,250842,10,task-zmm2,,51378425,5cfc7489e289a80016b6e29f,14743093,,complete,,693ec363e28337b737f00921,computer,Desktop or Laptop,Windows 10,Firefox 145.0,1920x1080,1869x955,day1done,,,Exposure: Story (no orth),6,day1done,attention_pass,audio-Success,,,A,,,,,eligible,story_A_picOnly,story_A_picOnly,18,1,1,Screen 1,advancementZone,continue_button,5630,,,0,,,,,,,,comprehensionInstructions,,,,,,
21,1765580380935,12/12/2025 22:59:40,1765580361349,-5,12/12/2025 17:59:21,250842,10,task-zmm2,,51378425,5cfc7489e289a80016b6e29f,14743093,,complete,,693ec363e28337b737f00921,computer,Desktop or Laptop,Windows 10,Firefox 145.0,1920x1080,1869x955,day1done,,,Exposure: Story (no orth),6,day1done,attention_pass,audio-Success,,,A,,,,,eligible,story_A_picOnly,story_A_picOnly,21,1,1,Screen 1,advancementZone,response_button_text,1880,,Green,1,1,,,,,,1,comprehensionQs,What colour were the main characters?,Green,Yellow,Green,,
22,1765580382723,12/12/2025 22:59:42,1765580363135,-5,12/12/2025 17:59:23,250842,10,task-zmm2,,51378425,5cfc7489e289a80016b6e29f,14743093,,complete,,693ec363e28337b737f00921,computer,Desktop or Laptop,Windows 10,Firefox 145.0,1920x1080,1869x955,day1done,,,Exposure: Story (no orth),6,day1done,attention_pass,audio-Success,,,A,,,,,eligible,story_A_picOnly,story_A_picOnly,20,2,1,Screen 1,advancementZone,response_button_text,1781,,Krista,1,1,,,,,,1,comprehensionQs,What was the girl character called?,Krista,Crystal,Krista,,
23,1765580388575,12/12/2025 22:59:48,1765580368997,-5,12/12/2025 17:59:28,250842,10,task-zmm2,,51378425,5cfc7489e289a80016b6e29f,14743093,,complete,,693ec363e28337b737f00921,computer,Desktop or Laptop,Windows 10,Firefox 145.0,1920x1080,1869x955,day1done,,,Exposure: Story (no orth),6,day1done,attention_pass,audio-Success,,,A,,,,,eligible,story_A_picOnly,story_A_picOnly,22,3,1,Screen 1,advancementZone,response_button_text,5858,,Intergalactic Fairground,1,,,,,,,1,comprehensionQs,Where did they go?,Intergalactic Fairground,Intergalactic Zoo,Intergalactic Zoo,,
24,1765580390173,12/12/2025 22:59:50,1765580370593,-5,12/12/2025 17:59:30,250842,10,task-zmm2,,51378425,5cfc7489e289a80016b6e29f,14743093,,complete,,693ec363e28337b737f00921,computer,Desktop or Laptop,Windows 10,Firefox 145.0,1920x1080,1869x955,day1done,,,Exposure: Story (no orth),6,day1done,attention_pass,audio-Success,,,A,,,,,eligible,story_A_picOnly,story_A_picOnly,19,4,1,Screen 1,Zone1,response_button_text,1594,,Archie,1,1,,,,,,1,comprehensionQs,What was the boy character called?,Andy,Archie,Archie,,
25,1765580390379,12/12/2025 22:59:50,1765580370594,-5,12/12/2025 17:59:30,250842,10,task-zmm2,,51378425,5cfc7489e289a80016b6e29f,14743093,,complete,,693ec363e28337b737f00921,computer,Desktop or Laptop,Windows 10,Firefox 145.0,1920x1080,1869x955,day1done,,,Exposure: Story (no orth),6,day1done,attention_pass,audio-Success,,,A,,,,,eligible,story_A_picOnly,,,END TASK,,,,,465215,,,,,,,,,,,,,,,,,
1,1765580943234,12/12/2025 23:09:03,1765580943153,-5,12/12/2025 18:09:03,250842,10,task-zmm2,,51378631,6644cd2538b07b2b6aaa4376,14743129,,complete,,693e0bffdcf0df30f3f57b8c,computer,Desktop or Laptop,Windows 10,Chrome 143.0.0.0,1360x768,1360x641,day1done,,,Exposure: Story (no orth),6,day1done,attention_pass,audio-Success,,,A,,,,,eligible,story_A_picOnly,,,BEGIN TASK,,,,,,,,,,,,,,,,,,,,,,
2,1765580961003,12/12/2025 23:09:21,1765580960935,-5,12/12/2025 18:09:20,250842,10,task-zmm2,,51378631,6644cd2538b07b2b6aaa4376,14743129,,complete,,693e0bffdcf0df30f3f57b8c,computer,Desktop or Laptop,Windows 10,Chrome 143.0.0.0,1360x768,1360x641,day1done,,,Exposure: Story (no orth),6,day1done,attention_pass,audio-Success,,,A,,,,,eligible,story_A_picOnly,story_A_picOnly,1,1,1,Screen 2,advancementZone,continue_button,17761.70000001788,,,0,,,,,,,,instructions,,,,,,
3,1765580971801,12/12/2025 23:09:31,1765580971746,-5,12/12/2025 18:09:31,250842,10,task-zmm2,,51378631,6644cd2538b07b2b6aaa4376,14743129,,complete,,693e0bffdcf0df30f3f57b8c,computer,Desktop or Laptop,Windows 10,Chrome 143.0.0.0,1360x768,1360x641,day1done,,,Exposure: Story (no orth),6,day1done,attention_pass,audio-Success,,,A,,,,,eligible,story_A_picOnly,story_A_picOnly,1,1,2,Screen 1,advancementZone,continue_button,10796.09999999404,,,0,,,,,,,,instructions,,,,,,
4,1765580974177,12/12/2025 23:09:34,1765580974124,-5,12/12/2025 18:09:34,250842,10,task-zmm2,,51378631,6644cd2538b07b2b6aaa4376,14743129,,complete,,693e0bffdcf0df30f3f57b8c,computer,Desktop or Laptop,Windows 10,Chrome 143.0.0.0,1360x768,1360x641,day1done,,,Exposure: Story (no orth),6,day1done,attention_pass,audio-Success,,,A,,,,,eligible,story_A_picOnly,story_A_picOnly,2,1,1,Screen 1,advancementZone,continue_button,2369.800000011921,,,0,,,,,,,,storyTitle,,,,,Title.JPG,
5,1765581003309,12/12/2025 23:10:03,1765581003252,-5,12/12/2025 18:10:03,250842,10,task-zmm2,,51378631,6644cd2538b07b2b6aaa4376,14743129,,complete,,693e0bffdcf0df30f3f57b8c,computer,Desktop or Laptop,Windows 10,Chrome 143.0.0.0,1360x768,1360x641,day1done,,,Exposure: Story (no orth),6,day1done,attention_pass,audio-Success,,,A,,,,,eligible,story_A_picOnly,story_A_picOnly,3,1,1,Screen 1,storyAudio,content_audio,29120.40000000596,,,0,,,,,,,,storyScreens,,,,,Scene1.JPG,CA_P1.mp3
6,1765581034368,12/12/2025 23:10:34,1765581034311,-5,12/12/2025 18:10:34,250842,10,task-zmm2,,51378631,6644cd2538b07b2b6aaa4376,14743129,,complete,,693e0bffdcf0df30f3f57b8c,computer,Desktop or Laptop,Windows 10,Chrome 143.0.0.0,1360x768,1360x641,day1done,,,Exposure: Story (no orth),6,day1done,attention_pass,audio-Success,,,A,,,,,eligible,story_A_picOnly,story_A_picOnly,4,2,1,Screen 1,storyAudio,content_audio,31035.20000001788,,,0,,,,,,,,storyScreens,,,,,Scene2.JPG,CA_P2.mp3
7,1765581081323,12/12/2025 23:11:21,1765581081252,-5,12/12/2025 18:11:21,250842,10,task-zmm2,,51378631,6644cd2538b07b2b6aaa4376,14743129,,complete,,693e0bffdcf0df30f3f57b8c,computer,Desktop or Laptop,Windows 10,Chrome 143.0.0.0,1360x768,1360x641,day1done,,,Exposure: Story (no orth),6,day1done,attention_pass,audio-Success,,,A,,,,,eligible,story_A_picOnly,story_A_picOnly,5,3,1,Screen 1,storyAudio,content_audio,46915.09999999404,,,0,,,,,,,,storyScreens,,,,,Scene3.JPG,CA_P3.mp3
8,1765581126596,12/12/2025 23:12:06,1765581126551,-5,12/12/2025 18:12:06,250842,10,task-zmm2,,51378631,6644cd2538b07b2b6aaa4376,14743129,,complete,,693e0bffdcf0df30f3f57b8c,computer,Desktop or Laptop,Windows 10,Chrome 143.0.0.0,1360x768,1360x641,day1done,,,Exposure: Story (no orth),6,day1done,attention_pass,audio-Success,,,A,,,,,eligible,story_A_picOnly,story_A_picOnly,6,4,1,Screen 1,storyAudio,content_audio,45274.5,,,0,,,,,,,,storyScreens,,,,,Scene4.JPG,CA_P4.mp3
9,1765581159039,12/12/2025 23:12:39,1765581158992,-5,12/12/2025 18:12:38,250842,10,task-zmm2,,51378631,6644cd2538b07b2b6aaa4376,14743129,,complete,,693e0bffdcf0df30f3f57b8c,computer,Desktop or Laptop,Windows 10,Chrome 143.0.0.0,1360x768,1360x641,day1done,,,Exposure: Story (no orth),6,day1done,attention_pass,audio-Success,,,A,,,,,eligible,story_A_picOnly,story_A_picOnly,7,5,1,Screen 1,storyAudio,content_audio,32432.600000023842,,,0,,,,,,,,storyScreens,,,,,Scene5.JPG,CA_P5.mp3
10,1765581209556,12/12/2025 23:13:29,1765581209512,-5,12/12/2025 18:13:29,250842,10,task-zmm2,,51378631,6644cd2538b07b2b6aaa4376,14743129,,complete,,693e0bffdcf0df30f3f57b8c,computer,Desktop or Laptop,Windows 10,Chrome 143.0.0.0,1360x768,1360x641,day1done,,,Exposure: Story (no orth),6,day1done,attention_pass,audio-Success,,,A,,,,,eligible,story_A_picOnly,story_A_picOnly,8,6,1,Screen 1,storyAudio,content_audio,50492.59999999404,,,0,,,,,,,,storyScreens,,,,,Scene6.JPG,CA_P6.mp3
11,1765581236906,12/12/2025 23:13:56,1765581236853,-5,12/12/2025 18:13:56,250842,10,task-zmm2,,51378631,6644cd2538b07b2b6aaa4376,14743129,,complete,,693e0bffdcf0df30f3f57b8c,computer,Desktop or Laptop,Windows 10,Chrome 143.0.0.0,1360x768,1360x641,day1done,,,Exposure: Story (no orth),6,day1done,attention_pass,audio-Success,,,A,,,,,eligible,story_A_picOnly,story_A_picOnly,9,7,1,Screen 1,storyAudio,content_audio,27324,,,0,,,,,,,,storyScreens,,,,,Scene7.JPG,CA_P7.mp3
12,1765581269274,12/12/2025 23:14:29,1765581269233,-5,12/12/2025 18:14:29,250842,10,task-zmm2,,51378631,6644cd2538b07b2b6aaa4376,14743129,,complete,,693e0bffdcf0df30f3f57b8c,computer,Desktop or Laptop,Windows 10,Chrome 143.0.0.0,1360x768,1360x641,day1done,,,Exposure: Story (no orth),6,day1done,attention_pass,audio-Success,,,A,,,,,eligible,story_A_picOnly,story_A_picOnly,10,8,1,Screen 1,storyAudio,content_audio,32355,,,0,,,,,,,,storyScreens,,,,,Scene8.JPG,CA_P8.mp3
13,1765581315507,12/12/2025 23:15:15,1765581315453,-5,12/12/2025 18:15:15,250842,10,task-zmm2,,51378631,6644cd2538b07b2b6aaa4376,14743129,,complete,,693e0bffdcf0df30f3f57b8c,computer,Desktop or Laptop,Windows 10,Chrome 143.0.0.0,1360x768,1360x641,day1done,,,Exposure: Story (no orth),6,day1done,attention_pass,audio-Success,,,A,,,,,eligible,story_A_picOnly,story_A_picOnly,11,9,1,Screen 1,storyAudio,content_audio,46195,,,0,,,,,,,,storyScreens,,,,,Scene9.JPG,CA_P9.mp3
14,1765581329529,12/12/2025 23:15:29,1765581329474,-5,12/12/2025 18:15:29,250842,10,task-zmm2,,51378631,6644cd2538b07b2b6aaa4376,14743129,,complete,,693e0bffdcf0df30f3f57b8c,computer,Desktop or Laptop,Windows 10,Chrome 143.0.0.0,1360x768,1360x641,day1done,,,Exposure: Story (no orth),6,day1done,attention_pass,audio-Success,,,A,,,,,eligible,story_A_picOnly,story_A_picOnly,12,10,1,Screen 1,storyAudio,content_audio,13992.899999976158,,,0,,,,,,,,storyScreens,,,,,Scene10.JPG,CA_P10.mp3
15,1765581341748,12/12/2025 23:15:41,1765581341693,-5,12/12/2025 18:15:41,250842,10,task-zmm2,,51378631,6644cd2538b07b2b6aaa4376,14743129,,complete,,693e0bffdcf0df30f3f57b8c,computer,Desktop or Laptop,Windows 10,Chrome 143.0.0.0,1360x768,1360x641,day1done,,,Exposure: Story (no orth),6,day1done,attention_pass,audio-Success,,,A,,,,,eligible,story_A_picOnly,story_A_picOnly,13,11,1,Screen 1,storyAudio,content_audio,12194,,,0,,,,,,,,storyScreens,,,,,Scene11.JPG,CA_P11.mp3
16,1765581353562,12/12/2025 23:15:53,1765581353512,-5,12/12/2025 18:15:53,250842,10,task-zmm2,,51378631,6644cd2538b07b2b6aaa4376,14743129,,complete,,693e0bffdcf0df30f3f57b8c,computer,Desktop or Laptop,Windows 10,Chrome 143.0.0.0,1360x768,1360x641,day1done,,,Exposure: Story (no orth),6,day1done,attention_pass,audio-Success,,,A,,,,,eligible,story_A_picOnly,story_A_picOnly,14,12,1,Screen 1,storyAudio,content_audio,11795.299999982119,,,0,,,,,,,,storyScreens,,,,,Scene12.JPG,CA_P12.mp3
17,1765581365684,12/12/2025 23:16:05,1765581365633,-5,12/12/2025 18:16:05,250842,10,task-zmm2,,51378631,6644cd2538b07b2b6aaa4376,14743129,,complete,,693e0bffdcf0df30f3f57b8c,computer,Desktop or Laptop,Windows 10,Chrome 143.0.0.0,1360x768,1360x641,day1done,,,Exposure: Story (no orth),6,day1done,attention_pass,audio-Success,,,A,,,,,eligible,story_A_picOnly,story_A_picOnly,15,13,1,Screen 1,storyAudio,content_audio,12111.5,,,0,,,,,,,,storyScreens,,,,,Scene13.JPG,CA_P13.mp3
18,1765581386869,12/12/2025 23:16:26,1765581386813,-5,12/12/2025 18:16:26,250842,10,task-zmm2,,51378631,6644cd2538b07b2b6aaa4376,14743129,,complete,,693e0bffdcf0df30f3f57b8c,computer,Desktop or Laptop,Windows 10,Chrome 143.0.0.0,1360x768,1360x641,day1done,,,Exposure: Story (no orth),6,day1done,attention_pass,audio-Success,,,A,,,,,eligible,story_A_picOnly,story_A_picOnly,16,14,1,Screen 1,storyAudio,content_audio,21156.59999999404,,,0,,,,,,,,storyScreens,,,,,Scene14.JPG,CA_P14.mp3
19,1765581403326,12/12/2025 23:16:43,1765581403273,-5,12/12/2025 18:16:43,250842,10,task-zmm2,,51378631,6644cd2538b07b2b6aaa4376,14743129,,complete,,693e0bffdcf0df30f3f57b8c,computer,Desktop or Laptop,Windows 10,Chrome 143.0.0.0,1360x768,1360x641,day1done,,,Exposure: Story (no orth),6,day1done,attention_pass,audio-Success,,,A,,,,,eligible,story_A_picOnly,story_A_picOnly,17,15,1,Screen 1,storyAudio,content_audio,16432.90000000596,,,0,,,,,,,,storyScreens,,,,,Scene15.JPG,CA_P15.mp3
20,1765581410003,12/12/2025 23:16:50,1765581409965,-5,12/12/2025 18:16:49,250842,10,task-zmm2,,51378631,6644cd2538b07b2b6aaa4376,14743129,,complete,,693e0bffdcf0df30f3f57b8c,computer,Desktop or Laptop,Windows 10,Chrome 143.0.0.0,1360x768,1360x641,day1done,,,Exposure: Story (no orth),6,day1done,attention_pass,audio-Success,,,A,,,,,eligible,story_A_picOnly,story_A_picOnly,18,1,1,Screen 1,advancementZone,continue_button,6663.699999988079,,,0,,,,,,,,comprehensionInstructions,,,,,,
21,1765581412202,12/12/2025 23:16:52,1765581412166,-5,12/12/2025 18:16:52,250842,10,task-zmm2,,51378631,6644cd2538b07b2b6aaa4376,14743129,,complete,,693e0bffdcf0df30f3f57b8c,computer,Desktop or Laptop,Windows 10,Chrome 143.0.0.0,1360x768,1360x641,day1done,,,Exposure: Story (no orth),6,day1done,attention_pass,audio-Success,,,A,,,,,eligible,story_A_picOnly,story_A_picOnly,19,1,1,Screen 1,Zone1,response_button_text,2191.4000000059605,,Archie,1,1,,,,,,1,comprehensionQs,What was the boy character called?,Andy,Archie,Archie,,
22,1765581414609,12/12/2025 23:16:54,1765581414562,-5,12/12/2025 18:16:54,250842,10,task-zmm2,,51378631,6644cd2538b07b2b6aaa4376,14743129,,complete,,693e0bffdcf0df30f3f57b8c,computer,Desktop or Laptop,Windows 10,Chrome 143.0.0.0,1360x768,1360x641,day1done,,,Exposure: Story (no orth),6,day1done,attention_pass,audio-Success,,,A,,,,,eligible,story_A_picOnly,story_A_picOnly,21,2,1,Screen 1,advancementZone,response_button_text,2387.199999988079,,Green,1,1,,,,,,1,comprehensionQs,What colour were the main characters?,Green,Yellow,Green,,
23,1765581416347,12/12/2025 23:16:56,1765581416295,-5,12/12/2025 18:16:56,250842,10,task-zmm2,,51378631,6644cd2538b07b2b6aaa4376,14743129,,complete,,693e0bffdcf0df30f3f57b8c,computer,Desktop or Laptop,Windows 10,Chrome 143.0.0.0,1360x768,1360x641,day1done,,,Exposure: Story (no orth),6,day1done,attention_pass,audio-Success,,,A,,,,,eligible,story_A_picOnly,story_A_picOnly,22,3,1,Screen 1,Zone1,response_button_text,1727.4000000059605,,Intergalactic Zoo,1,1,,,,,,1,comprehensionQs,Where did they go?,Intergalactic Fairground,Intergalactic Zoo,Intergalactic Zoo,,
24,1765581418333,12/12/2025 23:16:58,1765581418299,-5,12/12/2025 18:16:58,250842,10,task-zmm2,,51378631,6644cd2538b07b2b6aaa4376,14743129,,complete,,693e0bffdcf0df30f3f57b8c,computer,Desktop or Laptop,Windows 10,Chrome 143.0.0.0,1360x768,1360x641,day1done,,,Exposure: Story (no orth),6,day1done,attention_pass,audio-Success,,,A,,,,,eligible,story_A_picOnly,story_A_picOnly,20,4,1,Screen 1,advancementZone,response_button_text,1997.2999999821186,,Krista,1,1,,,,,,1,comprehensionQs,What was the girl character called?,Krista,Crystal,Krista,,
25,1765581418481,12/12/2025 23:16:58,1765581418301,-5,12/12/2025 18:16:58,250842,10,task-zmm2,,51378631,6644cd2538b07b2b6aaa4376,14743129,,complete,,693e0bffdcf0df30f3f57b8c,computer,Desktop or Laptop,Windows 10,Chrome 143.0.0.0,1360x768,1360x641,day1done,,,Exposure: Story (no orth),6,day1done,attention_pass,audio-Success,,,A,,,,,eligible,story_A_picOnly,,,END TASK,,,,,475148,,,,,,,,,,,,,,,,,
1,1765582036703,12/12/2025 23:27:16,1765582037152,-5,12/12/2025 18:27:17,250842,10,task-zmm2,,51378867,60fda57e0916dfe2157c9b00,14743172,,complete,,693ca4739a4ba907fe586d16,computer,Desktop or Laptop,Windows 10,Edge 143.0.0.0,2560x1440,2552x1320,day1done,,,Exposure: Story (no orth),6,day1done,attention_pass,audio-Success,,,A,,,,,eligible,story_A_picOnly,,,BEGIN TASK,,,,,,,,,,,,,,,,,,,,,,
2,1765582039416,12/12/2025 23:27:19,1765582039910,-5,12/12/2025 18:27:19,250842,10,task-zmm2,,51378867,60fda57e0916dfe2157c9b00,14743172,,complete,,693ca4739a4ba907fe586d16,computer,Desktop or Laptop,Windows 10,Edge 143.0.0.0,2560x1440,2552x1320,day1done,,,Exposure: Story (no orth),6,day1done,attention_pass,audio-Success,,,A,,,,,eligible,story_A_picOnly,story_A_picOnly,1,1,1,Screen 2,advancementZone,continue_button,2749.7000000178814,,,0,,,,,,,,instructions,,,,,,
3,1765582046077,12/12/2025 23:27:26,1765582046591,-5,12/12/2025 18:27:26,250842,10,task-zmm2,,51378867,60fda57e0916dfe2157c9b00,14743172,,complete,,693ca4739a4ba907fe586d16,computer,Desktop or Laptop,Windows 10,Edge 143.0.0.0,2560x1440,2552x1320,day1done,,,Exposure: Story (no orth),6,day1done,attention_pass,audio-Success,,,A,,,,,eligible,story_A_picOnly,story_A_picOnly,1,1,2,Screen 1,advancementZone,continue_button,6678.300000011921,,,0,,,,,,,,instructions,,,,,,
4,1765582047908,12/12/2025 23:27:27,1765582048412,-5,12/12/2025 18:27:28,250842,10,task-zmm2,,51378867,60fda57e0916dfe2157c9b00,14743172,,complete,,693ca4739a4ba907fe586d16,computer,Desktop or Laptop,Windows 10,Edge 143.0.0.0,2560x1440,2552x1320,day1done,,,Exposure: Story (no orth),6,day1done,attention_pass,audio-Success,,,A,,,,,eligible,story_A_picOnly,story_A_picOnly,2,1,1,Screen 1,advancementZone,continue_button,1817,,,0,,,,,,,,storyTitle,,,,,Title.JPG,
5,1765582077011,12/12/2025 23:27:57,1765582077502,-5,12/12/2025 18:27:57,250842,10,task-zmm2,,51378867,60fda57e0916dfe2157c9b00,14743172,,complete,,693ca4739a4ba907fe586d16,computer,Desktop or Laptop,Windows 10,Edge 143.0.0.0,2560x1440,2552x1320,day1done,,,Exposure: Story (no orth),6,day1done,attention_pass,audio-Success,,,A,,,,,eligible,story_A_picOnly,story_A_picOnly,3,1,1,Screen 1,storyAudio,content_audio,29086.30000001192,,,0,,,,,,,,storyScreens,,,,,Scene1.JPG,CA_P1.mp3
6,1765582108013,12/12/2025 23:28:28,1765582108523,-5,12/12/2025 18:28:28,250842,10,task-zmm2,,51378867,60fda57e0916dfe2157c9b00,14743172,,complete,,693ca4739a4ba907fe586d16,computer,Desktop or Laptop,Windows 10,Edge 143.0.0.0,2560x1440,2552x1320,day1done,,,Exposure: Story (no orth),6,day1done,attention_pass,audio-Success,,,A,,,,,eligible,story_A_picOnly,story_A_picOnly,4,2,1,Screen 1,storyAudio,content_audio,31016.5,,,0,,,,,,,,storyScreens,,,,,Scene2.JPG,CA_P2.mp3
7,1765582154893,12/12/2025 23:29:14,1765582155424,-5,12/12/2025 18:29:15,250842,10,task-zmm2,,51378867,60fda57e0916dfe2157c9b00,14743172,,complete,,693ca4739a4ba907fe586d16,computer,Desktop or Laptop,Windows 10,Edge 143.0.0.0,2560x1440,2552x1320,day1done,,,Exposure: Story (no orth),6,day1done,attention_pass,audio-Success,,,A,,,,,eligible,story_A_picOnly,story_A_picOnly,5,3,1,Screen 1,storyAudio,content_audio,46897.5,,,0,,,,,,,,storyScreens,,,,,Scene3.JPG,CA_P3.mp3
8,1765582200161,12/12/2025 23:30:00,1765582200685,-5,12/12/2025 18:30:00,250842,10,task-zmm2,,51378867,60fda57e0916dfe2157c9b00,14743172,,complete,,693ca4739a4ba907fe586d16,computer,Desktop or Laptop,Windows 10,Edge 143.0.0.0,2560x1440,2552x1320,day1done,,,Exposure: Story (no orth),6,day1done,attention_pass,audio-Success,,,A,,,,,eligible,story_A_picOnly,story_A_picOnly,6,4,1,Screen 1,storyAudio,content_audio,45256.80000001192,,,0,,,,,,,,storyScreens,,,,,Scene4.JPG,CA_P4.mp3
9,1765582232591,12/12/2025 23:30:32,1765582233085,-5,12/12/2025 18:30:33,250842,10,task-zmm2,,51378867,60fda57e0916dfe2157c9b00,14743172,,complete,,693ca4739a4ba907fe586d16,computer,Desktop or Laptop,Windows 10,Edge 143.0.0.0,2560x1440,2552x1320,day1done,,,Exposure: Story (no orth),6,day1done,attention_pass,audio-Success,,,A,,,,,eligible,story_A_picOnly,story_A_picOnly,7,5,1,Screen 1,storyAudio,content_audio,32395.79999998212,,,0,,,,,,,,storyScreens,,,,,Scene5.JPG,CA_P5.mp3
10,1765582283070,12/12/2025 23:31:23,1765582283566,-5,12/12/2025 18:31:23,250842,10,task-zmm2,,51378867,60fda57e0916dfe2157c9b00,14743172,,complete,,693ca4739a4ba907fe586d16,computer,Desktop or Laptop,Windows 10,Edge 143.0.0.0,2560x1440,2552x1320,day1done,,,Exposure: Story (no orth),6,day1done,attention_pass,audio-Success,,,A,,,,,eligible,story_A_picOnly,story_A_picOnly,8,6,1,Screen 1,storyAudio,content_audio,50477.09999999404,,,0,,,,,,,,storyScreens,,,,,Scene6.JPG,CA_P6.mp3
11,1765582310380,12/12/2025 23:31:50,1765582310887,-5,12/12/2025 18:31:50,250842,10,task-zmm2,,51378867,60fda57e0916dfe2157c9b00,14743172,,complete,,693ca4739a4ba907fe586d16,computer,Desktop or Laptop,Windows 10,Edge 143.0.0.0,2560x1440,2552x1320,day1done,,,Exposure: Story (no orth),6,day1done,attention_pass,audio-Success,,,A,,,,,eligible,story_A_picOnly,story_A_picOnly,9,7,1,Screen 1,storyAudio,content_audio,27316.100000023842,,,0,,,,,,,,storyScreens,,,,,Scene7.JPG,CA_P7.mp3
12,1765582342711,12/12/2025 23:32:22,1765582343228,-5,12/12/2025 18:32:23,250842,10,task-zmm2,,51378867,60fda57e0916dfe2157c9b00,14743172,,complete,,693ca4739a4ba907fe586d16,computer,Desktop or Laptop,Windows 10,Edge 143.0.0.0,2560x1440,2552x1320,day1done,,,Exposure: Story (no orth),6,day1done,attention_pass,audio-Success,,,A,,,,,eligible,story_A_picOnly,story_A_picOnly,10,8,1,Screen 1,storyAudio,content_audio,32336.09999999404,,,0,,,,,,,,storyScreens,,,,,Scene8.JPG,CA_P8.mp3
13,1765582388880,12/12/2025 23:33:08,1765582389409,-5,12/12/2025 18:33:09,250842,10,task-zmm2,,51378867,60fda57e0916dfe2157c9b00,14743172,,complete,,693ca4739a4ba907fe586d16,computer,Desktop or Laptop,Windows 10,Edge 143.0.0.0,2560x1440,2552x1320,day1done,,,Exposure: Story (no orth),6,day1done,attention_pass,audio-Success,,,A,,,,,eligible,story_A_picOnly,story_A_picOnly,11,9,1,Screen 1,storyAudio,content_audio,46176.30000001192,,,0,,,,,,,,storyScreens,,,,,Scene9.JPG,CA_P9.mp3
14,1765582402868,12/12/2025 23:33:22,1765582403389,-5,12/12/2025 18:33:23,250842,10,task-zmm2,,51378867,60fda57e0916dfe2157c9b00,14743172,,complete,,693ca4739a4ba907fe586d16,computer,Desktop or Laptop,Windows 10,Edge 143.0.0.0,2560x1440,2552x1320,day1done,,,Exposure: Story (no orth),6,day1done,attention_pass,audio-Success,,,A,,,,,eligible,story_A_picOnly,story_A_picOnly,12,10,1,Screen 1,storyAudio,content_audio,13976.09999999404,,,0,,,,,,,,storyScreens,,,,,Scene10.JPG,CA_P10.mp3
15,1765582415063,12/12/2025 23:33:35,1765582415569,-5,12/12/2025 18:33:35,250842,10,task-zmm2,,51378867,60fda57e0916dfe2157c9b00,14743172,,complete,,693ca4739a4ba907fe586d16,computer,Desktop or Laptop,Windows 10,Edge 143.0.0.0,2560x1440,2552x1320,day1done,,,Exposure: Story (no orth),6,day1done,attention_pass,audio-Success,,,A,,,,,eligible,story_A_picOnly,story_A_picOnly,13,11,1,Screen 1,storyAudio,content_audio,12175.90000000596,,,0,,,,,,,,storyScreens,,,,,Scene11.JPG,CA_P11.mp3
16,1765582426826,12/12/2025 23:33:46,1765582427350,-5,12/12/2025 18:33:47,250842,10,task-zmm2,,51378867,60fda57e0916dfe2157c9b00,14743172,,complete,,693ca4739a4ba907fe586d16,computer,Desktop or Laptop,Windows 10,Edge 143.0.0.0,2560x1440,2552x1320,day1done,,,Exposure: Story (no orth),6,day1done,attention_pass,audio-Success,,,A,,,,,eligible,story_A_picOnly,story_A_picOnly,14,12,1,Screen 1,storyAudio,content_audio,11775.90000000596,,,0,,,,,,,,storyScreens,,,,,Scene12.JPG,CA_P12.mp3
17,1765582438935,12/12/2025 23:33:58,1765582439449,-5,12/12/2025 18:33:59,250842,10,task-zmm2,,51378867,60fda57e0916dfe2157c9b00,14743172,,complete,,693ca4739a4ba907fe586d16,computer,Desktop or Laptop,Windows 10,Edge 143.0.0.0,2560x1440,2552x1320,day1done,,,Exposure: Story (no orth),6,day1done,attention_pass,audio-Success,,,A,,,,,eligible,story_A_picOnly,story_A_picOnly,15,13,1,Screen 1,storyAudio,content_audio,12096.300000011921,,,0,,,,,,,,storyScreens,,,,,Scene13.JPG,CA_P13.mp3
18,1765582460043,12/12/2025 23:34:20,1765582460570,-5,12/12/2025 18:34:20,250842,10,task-zmm2,,51378867,60fda57e0916dfe2157c9b00,14743172,,complete,,693ca4739a4ba907fe586d16,computer,Desktop or Laptop,Windows 10,Edge 143.0.0.0,2560x1440,2552x1320,day1done,,,Exposure: Story (no orth),6,day1done,attention_pass,audio-Success,,,A,,,,,eligible,story_A_picOnly,story_A_picOnly,16,14,1,Screen 1,storyAudio,content_audio,21116,,,0,,,,,,,,storyScreens,,,,,Scene14.JPG,CA_P14.mp3
19,1765582476491,12/12/2025 23:34:36,1765582476990,-5,12/12/2025 18:34:36,250842,10,task-zmm2,,51378867,60fda57e0916dfe2157c9b00,14743172,,complete,,693ca4739a4ba907fe586d16,computer,Desktop or Laptop,Windows 10,Edge 143.0.0.0,2560x1440,2552x1320,day1done,,,Exposure: Story (no orth),6,day1done,attention_pass,audio-Success,,,A,,,,,eligible,story_A_picOnly,story_A_picOnly,17,15,1,Screen 1,storyAudio,content_audio,16415.59999999404,,,0,,,,,,,,storyScreens,,,,,Scene15.JPG,CA_P15.mp3
20,1765582479895,12/12/2025 23:34:39,1765582480411,-5,12/12/2025 18:34:40,250842,10,task-zmm2,,51378867,60fda57e0916dfe2157c9b00,14743172,,complete,,693ca4739a4ba907fe586d16,computer,Desktop or Laptop,Windows 10,Edge 143.0.0.0,2560x1440,2552x1320,day1done,,,Exposure: Story (no orth),6,day1done,attention_pass,audio-Success,,,A,,,,,eligible,story_A_picOnly,story_A_picOnly,18,1,1,Screen 1,advancementZone,continue_button,3416,,,0,,,,,,,,comprehensionInstructions,,,,,,
21,1765582482468,12/12/2025 23:34:42,1765582482995,-5,12/12/2025 18:34:42,250842,10,task-zmm2,,51378867,60fda57e0916dfe2157c9b00,14743172,,complete,,693ca4739a4ba907fe586d16,computer,Desktop or Laptop,Windows 10,Edge 143.0.0.0,2560x1440,2552x1320,day1done,,,Exposure: Story (no orth),6,day1done,attention_pass,audio-Success,,,A,,,,,eligible,story_A_picOnly,story_A_picOnly,22,1,1,Screen 1,Zone1,response_button_text,2579.7999999821186,,Intergalactic Zoo,1,1,,,,,,1,comprehensionQs,Where did they go?,Intergalactic Fairground,Intergalactic Zoo,Intergalactic Zoo,,
22,1765582484105,12/12/2025 23:34:44,1765582484619,-5,12/12/2025 18:34:44,250842,10,task-zmm2,,51378867,60fda57e0916dfe2157c9b00,14743172,,complete,,693ca4739a4ba907fe586d16,computer,Desktop or Laptop,Windows 10,Edge 143.0.0.0,2560x1440,2552x1320,day1done,,,Exposure: Story (no orth),6,day1done,attention_pass,audio-Success,,,A,,,,,eligible,story_A_picOnly,story_A_picOnly,19,2,1,Screen 1,Zone1,response_button_text,1620.0999999940395,,Archie,1,1,,,,,,1,comprehensionQs,What was the boy character called?,Andy,Archie,Archie,,
23,1765582486290,12/12/2025 23:34:46,1765582486824,-5,12/12/2025 18:34:46,250842,10,task-zmm2,,51378867,60fda57e0916dfe2157c9b00,14743172,,complete,,693ca4739a4ba907fe586d16,computer,Desktop or Laptop,Windows 10,Edge 143.0.0.0,2560x1440,2552x1320,day1done,,,Exposure: Story (no orth),6,day1done,attention_pass,audio-Success,,,A,,,,,eligible,story_A_picOnly,story_A_picOnly,20,3,1,Screen 1,advancementZone,response_button_text,2202.100000023842,,Krista,1,1,,,,,,1,comprehensionQs,What was the girl character called?,Krista,Crystal,Krista,,
24,1765582488310,12/12/2025 23:34:48,1765582488839,-5,12/12/2025 18:34:48,250842,10,task-zmm2,,51378867,60fda57e0916dfe2157c9b00,14743172,,complete,,693ca4739a4ba907fe586d16,computer,Desktop or Laptop,Windows 10,Edge 143.0.0.0,2560x1440,2552x1320,day1done,,,Exposure: Story (no orth),6,day1done,attention_pass,audio-Success,,,A,,,,,eligible,story_A_picOnly,story_A_picOnly,21,4,1,Screen 1,advancementZone,response_button_text,2012.4000000059605,,Green,1,1,,,,,,1,comprehensionQs,What colour were the main characters?,Green,Yellow,Green,,
25,1765582488463,12/12/2025 23:34:48,1765582488841,-5,12/12/2025 18:34:48,250842,10,task-zmm2,,51378867,60fda57e0916dfe2157c9b00,14743172,,complete,,693ca4739a4ba907fe586d16,computer,Desktop or Laptop,Windows 10,Edge 143.0.0.0,2560x1440,2552x1320,day1done,,,Exposure: Story (no orth),6,day1done,attention_pass,audio-Success,,,A,,,,,eligible,story_A_picOnly,,,END TASK,,,,,451689,,,,,,,,,,,,,,,,,
1,1765583851744,12/12/2025 23:57:31,1765583848586,-8,12/12/2025 15:57:28,250842,10,task-zmm2,,51379068,676d967fdcb045c99d113508,14743234,,complete,,693cab5bcc8b752fd12efdb0,computer,Desktop or Laptop,Mac OS 10.15.7,Safari 18.1.1,1512x982,1324x714,day1done,,,Exposure: Story (no orth),6,day1done,attention_pass,audio-Success,,,A,,,,,eligible,story_A_picOnly,,,BEGIN TASK,,,,,,,,,,,,,,,,,,,,,,
2,1765583853991,12/12/2025 23:57:33,1765583850855,-8,12/12/2025 15:57:30,250842,10,task-zmm2,,51379068,676d967fdcb045c99d113508,14743234,,complete,,693cab5bcc8b752fd12efdb0,computer,Desktop or Laptop,Mac OS 10.15.7,Safari 18.1.1,1512x982,1324x714,day1done,,,Exposure: Story (no orth),6,day1done,attention_pass,audio-Success,,,A,,,,,eligible,story_A_picOnly,story_A_picOnly,1,1,1,Screen 2,advancementZone,continue_button,2249,,,0,,,,,,,,instructions,,,,,,
3,1765583864772,12/12/2025 23:57:44,1765583861642,-8,12/12/2025 15:57:41,250842,10,task-zmm2,,51379068,676d967fdcb045c99d113508,14743234,,complete,,693cab5bcc8b752fd12efdb0,computer,Desktop or Laptop,Mac OS 10.15.7,Safari 18.1.1,1512x982,1324x714,day1done,,,Exposure: Story (no orth),6,day1done,attention_pass,audio-Success,,,A,,,,,eligible,story_A_picOnly,story_A_picOnly,1,1,2,Screen 1,advancementZone,continue_button,10780.000000000002,,,0,,,,,,,,instructions,,,,,,
4,1765583868645,12/12/2025 23:57:48,1765583865419,-8,12/12/2025 15:57:45,250842,10,task-zmm2,,51379068,676d967fdcb045c99d113508,14743234,,complete,,693cab5bcc8b752fd12efdb0,computer,Desktop or Laptop,Mac OS 10.15.7,Safari 18.1.1,1512x982,1324x714,day1done,,,Exposure: Story (no orth),6,day1done,attention_pass,audio-Success,,,A,,,,,eligible,story_A_picOnly,story_A_picOnly,2,1,1,Screen 1,advancementZone,continue_button,3770,,,0,,,,,,,,storyTitle,,,,,Title.JPG,
5,1765583898678,12/12/2025 23:58:18,1765583895540,-8,12/12/2025 15:58:15,250842,10,task-zmm2,,51379068,676d967fdcb045c99d113508,14743234,,complete,,693cab5bcc8b752fd12efdb0,computer,Desktop or Laptop,Mac OS 10.15.7,Safari 18.1.1,1512x982,1324x714,day1done,,,Exposure: Story (no orth),6,day1done,attention_pass,audio-Success,,,A,,,,,eligible,story_A_picOnly,story_A_picOnly,3,1,1,Screen 1,storyAudio,content_audio,30115,,,0,,,,,,,,storyScreens,,,,,Scene1.JPG,CA_P1.mp3
6,1765583929975,12/12/2025 23:58:49,1765583926858,-8,12/12/2025 15:58:46,250842,10,task-zmm2,,51379068,676d967fdcb045c99d113508,14743234,,complete,,693cab5bcc8b752fd12efdb0,computer,Desktop or Laptop,Mac OS 10.15.7,Safari 18.1.1,1512x982,1324x714,day1done,,,Exposure: Story (no orth),6,day1done,attention_pass,audio-Success,,,A,,,,,eligible,story_A_picOnly,story_A_picOnly,4,2,1,Screen 1,storyAudio,content_audio,31312,,,0,,,,,,,,storyScreens,,,,,Scene2.JPG,CA_P2.mp3
7,1765583977172,12/12/2025 23:59:37,1765583974047,-8,12/12/2025 15:59:34,250842,10,task-zmm2,,51379068,676d967fdcb045c99d113508,14743234,,complete,,693cab5bcc8b752fd12efdb0,computer,Desktop or Laptop,Mac OS 10.15.7,Safari 18.1.1,1512x982,1324x714,day1done,,,Exposure: Story (no orth),6,day1done,attention_pass,audio-Success,,,A,,,,,eligible,story_A_picOnly,story_A_picOnly,5,3,1,Screen 1,storyAudio,content_audio,47185,,,0,,,,,,,,storyScreens,,,,,Scene3.JPG,CA_P3.mp3
8,1765584022735,13/12/2025 00:00:22,1765584019617,-8,12/12/2025 16:00:19,250842,10,task-zmm2,,51379068,676d967fdcb045c99d113508,14743234,,complete,,693cab5bcc8b752fd12efdb0,computer,Desktop or Laptop,Mac OS 10.15.7,Safari 18.1.1,1512x982,1324x714,day1done,,,Exposure: Story (no orth),6,day1done,attention_pass,audio-Success,,,A,,,,,eligible,story_A_picOnly,story_A_picOnly,6,4,1,Screen 1,storyAudio,content_audio,45564,,,0,,,,,,,,storyScreens,,,,,Scene4.JPG,CA_P4.mp3
9,1765584055428,13/12/2025 00:00:55,1765584052306,-8,12/12/2025 16:00:52,250842,10,task-zmm2,,51379068,676d967fdcb045c99d113508,14743234,,complete,,693cab5bcc8b752fd12efdb0,computer,Desktop or Laptop,Mac OS 10.15.7,Safari 18.1.1,1512x982,1324x714,day1done,,,Exposure: Story (no orth),6,day1done,attention_pass,audio-Success,,,A,,,,,eligible,story_A_picOnly,story_A_picOnly,7,5,1,Screen 1,storyAudio,content_audio,32681.00000000003,,,0,,,,,,,,storyScreens,,,,,Scene5.JPG,CA_P5.mp3
10,1765584106199,13/12/2025 00:01:46,1765584103071,-8,12/12/2025 16:01:43,250842,10,task-zmm2,,51379068,676d967fdcb045c99d113508,14743234,,complete,,693cab5bcc8b752fd12efdb0,computer,Desktop or Laptop,Mac OS 10.15.7,Safari 18.1.1,1512x982,1324x714,day1done,,,Exposure: Story (no orth),6,day1done,attention_pass,audio-Success,,,A,,,,,eligible,story_A_picOnly,story_A_picOnly,8,6,1,Screen 1,storyAudio,content_audio,50757,,,0,,,,,,,,storyScreens,,,,,Scene6.JPG,CA_P6.mp3
11,1765584133779,13/12/2025 00:02:13,1765584130632,-8,12/12/2025 16:02:10,250842,10,task-zmm2,,51379068,676d967fdcb045c99d113508,14743234,,complete,,693cab5bcc8b752fd12efdb0,computer,Desktop or Laptop,Mac OS 10.15.7,Safari 18.1.1,1512x982,1324x714,day1done,,,Exposure: Story (no orth),6,day1done,attention_pass,audio-Success,,,A,,,,,eligible,story_A_picOnly,story_A_picOnly,9,7,1,Screen 1,storyAudio,content_audio,27549,,,0,,,,,,,,storyScreens,,,,,Scene7.JPG,CA_P7.mp3
12,1765584166378,13/12/2025 00:02:46,1765584163228,-8,12/12/2025 16:02:43,250842,10,task-zmm2,,51379068,676d967fdcb045c99d113508,14743234,,complete,,693cab5bcc8b752fd12efdb0,computer,Desktop or Laptop,Mac OS 10.15.7,Safari 18.1.1,1512x982,1324x714,day1done,,,Exposure: Story (no orth),6,day1done,attention_pass,audio-Success,,,A,,,,,eligible,story_A_picOnly,story_A_picOnly,10,8,1,Screen 1,storyAudio,content_audio,32572,,,0,,,,,,,,storyScreens,,,,,Scene8.JPG,CA_P8.mp3
13,1765584213240,13/12/2025 00:03:33,1765584209649,-8,12/12/2025 16:03:29,250842,10,task-zmm2,,51379068,676d967fdcb045c99d113508,14743234,,complete,,693cab5bcc8b752fd12efdb0,computer,Desktop or Laptop,Mac OS 10.15.7,Safari 18.1.1,1512x982,1324x714,day1done,,,Exposure: Story (no orth),6,day1done,attention_pass,audio-Success,,,A,,,,,eligible,story_A_picOnly,story_A_picOnly,11,9,1,Screen 1,storyAudio,content_audio,46417,,,0,,,,,,,,storyScreens,,,,,Scene9.JPG,CA_P9.mp3
14,1765584227031,13/12/2025 00:03:47,1765584223899,-8,12/12/2025 16:03:43,250842,10,task-zmm2,,51379068,676d967fdcb045c99d113508,14743234,,complete,,693cab5bcc8b752fd12efdb0,computer,Desktop or Laptop,Mac OS 10.15.7,Safari 18.1.1,1512x982,1324x714,day1done,,,Exposure: Story (no orth),6,day1done,attention_pass,audio-Success,,,A,,,,,eligible,story_A_picOnly,story_A_picOnly,12,10,1,Screen 1,storyAudio,content_audio,14245,,,0,,,,,,,,storyScreens,,,,,Scene10.JPG,CA_P10.mp3
15,1765584239491,13/12/2025 00:03:59,1765584236359,-8,12/12/2025 16:03:56,250842,10,task-zmm2,,51379068,676d967fdcb045c99d113508,14743234,,complete,,693cab5bcc8b752fd12efdb0,computer,Desktop or Laptop,Mac OS 10.15.7,Safari 18.1.1,1512x982,1324x714,day1done,,,Exposure: Story (no orth),6,day1done,attention_pass,audio-Success,,,A,,,,,eligible,story_A_picOnly,story_A_picOnly,13,11,1,Screen 1,storyAudio,content_audio,12456,,,0,,,,,,,,storyScreens,,,,,Scene11.JPG,CA_P11.mp3
16,1765584251533,13/12/2025 00:04:11,1765584248390,-8,12/12/2025 16:04:08,250842,10,task-zmm2,,51379068,676d967fdcb045c99d113508,14743234,,complete,,693cab5bcc8b752fd12efdb0,computer,Desktop or Laptop,Mac OS 10.15.7,Safari 18.1.1,1512x982,1324x714,day1done,,,Exposure: Story (no orth),6,day1done,attention_pass,audio-Success,,,A,,,,,eligible,story_A_picOnly,story_A_picOnly,14,12,1,Screen 1,storyAudio,content_audio,12026,,,0,,,,,,,,storyScreens,,,,,Scene12.JPG,CA_P12.mp3
17,1765584263904,13/12/2025 00:04:23,1765584260763,-8,12/12/2025 16:04:20,250842,10,task-zmm2,,51379068,676d967fdcb045c99d113508,14743234,,complete,,693cab5bcc8b752fd12efdb0,computer,Desktop or Laptop,Mac OS 10.15.7,Safari 18.1.1,1512x982,1324x714,day1done,,,Exposure: Story (no orth),6,day1done,attention_pass,audio-Success,,,A,,,,,eligible,story_A_picOnly,story_A_picOnly,15,13,1,Screen 1,storyAudio,content_audio,12370,,,0,,,,,,,,storyScreens,,,,,Scene13.JPG,CA_P13.mp3
18,1765584285320,13/12/2025 00:04:45,1765584282182,-8,12/12/2025 16:04:42,250842,10,task-zmm2,,51379068,676d967fdcb045c99d113508,14743234,,complete,,693cab5bcc8b752fd12efdb0,computer,Desktop or Laptop,Mac OS 10.15.7,Safari 18.1.1,1512x982,1324x714,day1done,,,Exposure: Story (no orth),6,day1done,attention_pass,audio-Success,,,A,,,,,eligible,story_A_picOnly,story_A_picOnly,16,14,1,Screen 1,storyAudio,content_audio,21415,,,0,,,,,,,,storyScreens,,,,,Scene14.JPG,CA_P14.mp3
19,1765584302048,13/12/2025 00:05:02,1765584298908,-8,12/12/2025 16:04:58,250842,10,task-zmm2,,51379068,676d967fdcb045c99d113508,14743234,,complete,,693cab5bcc8b752fd12efdb0,computer,Desktop or Laptop,Mac OS 10.15.7,Safari 18.1.1,1512x982,1324x714,day1done,,,Exposure: Story (no orth),6,day1done,attention_pass,audio-Success,,,A,,,,,eligible,story_A_picOnly,story_A_picOnly,17,15,1,Screen 1,storyAudio,content_audio,16720,,,0,,,,,,,,storyScreens,,,,,Scene15.JPG,CA_P15.mp3
20,1765584307500,13/12/2025 00:05:07,1765584304370,-8,12/12/2025 16:05:04,250842,10,task-zmm2,,51379068,676d967fdcb045c99d113508,14743234,,complete,,693cab5bcc8b752fd12efdb0,computer,Desktop or Laptop,Mac OS 10.15.7,Safari 18.1.1,1512x982,1324x714,day1done,,,Exposure: Story (no orth),6,day1done,attention_pass,audio-Success,,,A,,,,,eligible,story_A_picOnly,story_A_picOnly,18,1,1,Screen 1,advancementZone,continue_button,5458,,,0,,,,,,,,comprehensionInstructions,,,,,,
21,1765584310289,13/12/2025 00:05:10,1765584307159,-8,12/12/2025 16:05:07,250842,10,task-zmm2,,51379068,676d967fdcb045c99d113508,14743234,,complete,,693cab5bcc8b752fd12efdb0,computer,Desktop or Laptop,Mac OS 10.15.7,Safari 18.1.1,1512x982,1324x714,day1done,,,Exposure: Story (no orth),6,day1done,attention_pass,audio-Success,,,A,,,,,eligible,story_A_picOnly,story_A_picOnly,22,1,1,Screen 1,Zone1,response_button_text,2785.000000000058,,Intergalactic Zoo,1,1,,,,,,1,comprehensionQs,Where did they go?,Intergalactic Fairground,Intergalactic Zoo,Intergalactic Zoo,,
22,1765584312264,13/12/2025 00:05:12,1765584309131,-8,12/12/2025 16:05:09,250842,10,task-zmm2,,51379068,676d967fdcb045c99d113508,14743234,,complete,,693cab5bcc8b752fd12efdb0,computer,Desktop or Laptop,Mac OS 10.15.7,Safari 18.1.1,1512x982,1324x714,day1done,,,Exposure: Story (no orth),6,day1done,attention_pass,audio-Success,,,A,,,,,eligible,story_A_picOnly,story_A_picOnly,21,2,1,Screen 1,advancementZone,response_button_text,1965.9999999999418,,Green,1,1,,,,,,1,comprehensionQs,What colour were the main characters?,Green,Yellow,Green,,
23,1765584315054,13/12/2025 00:05:15,1765584311920,-8,12/12/2025 16:05:11,250842,10,task-zmm2,,51379068,676d967fdcb045c99d113508,14743234,,complete,,693cab5bcc8b752fd12efdb0,computer,Desktop or Laptop,Mac OS 10.15.7,Safari 18.1.1,1512x982,1324x714,day1done,,,Exposure: Story (no orth),6,day1done,attention_pass,audio-Success,,,A,,,,,eligible,story_A_picOnly,story_A_picOnly,20,3,1,Screen 1,advancementZone,response_button_text,2785,,Krista,1,1,,,,,,1,comprehensionQs,What was the girl character called?,Krista,Crystal,Krista,,
24,1765584316763,13/12/2025 00:05:16,1765584313635,-8,12/12/2025 16:05:13,250842,10,task-zmm2,,51379068,676d967fdcb045c99d113508,14743234,,complete,,693cab5bcc8b752fd12efdb0,computer,Desktop or Laptop,Mac OS 10.15.7,Safari 18.1.1,1512x982,1324x714,day1done,,,Exposure: Story (no orth),6,day1done,attention_pass,audio-Success,,,A,,,,,eligible,story_A_picOnly,story_A_picOnly,19,4,1,Screen 1,Zone1,response_button_text,1711,,Archie,1,1,,,,,,1,comprehensionQs,What was the boy character called?,Andy,Archie,Archie,,
25,1765584316940,13/12/2025 00:05:16,1765584313637,-8,12/12/2025 16:05:13,250842,10,task-zmm2,,51379068,676d967fdcb045c99d113508,14743234,,complete,,693cab5bcc8b752fd12efdb0,computer,Desktop or Laptop,Mac OS 10.15.7,Safari 18.1.1,1512x982,1324x714,day1done,,,Exposure: Story (no orth),6,day1done,attention_pass,audio-Success,,,A,,,,,eligible,story_A_picOnly,,,END TASK,,,,,465051,,,,,,,,,,,,,,,,,
1,1765584341394,13/12/2025 00:05:41,1765584342554,-5,12/12/2025 19:05:42,250842,10,task-zmm2,,51379134,676c45d92368330a2c254895,14743243,,complete,,693e444fa634b66245dfc0a7,computer,Desktop or Laptop,Windows 10,Chrome 143.0.0.0,1280x720,1280x551,day1done,,,Exposure: Story (no orth),6,day1done,attention_pass,audio-Success,,,A,,,,,eligible,story_A_picOnly,,,BEGIN TASK,,,,,,,,,,,,,,,,,,,,,,
2,1765584351204,13/12/2025 00:05:51,1765584352421,-5,12/12/2025 19:05:52,250842,10,task-zmm2,,51379134,676c45d92368330a2c254895,14743243,,complete,,693e444fa634b66245dfc0a7,computer,Desktop or Laptop,Windows 10,Chrome 143.0.0.0,1280x720,1280x551,day1done,,,Exposure: Story (no orth),6,day1done,attention_pass,audio-Success,,,A,,,,,eligible,story_A_picOnly,story_A_picOnly,1,1,1,Screen 2,advancementZone,continue_button,9781.900000000373,,,0,,,,,,,,instructions,,,,,,
3,1765584394514,13/12/2025 00:06:34,1765584395715,-5,12/12/2025 19:06:35,250842,10,task-zmm2,,51379134,676c45d92368330a2c254895,14743243,,complete,,693e444fa634b66245dfc0a7,computer,Desktop or Laptop,Windows 10,Chrome 143.0.0.0,1280x720,1280x551,day1done,,,Exposure: Story (no orth),6,day1done,attention_pass,audio-Success,,,A,,,,,eligible,story_A_picOnly,story_A_picOnly,1,1,2,Screen 1,advancementZone,continue_button,43282.09999999963,,,0,,,,,,,,instructions,,,,,,
4,1765584397359,13/12/2025 00:06:37,1765584398219,-5,12/12/2025 19:06:38,250842,10,task-zmm2,,51379134,676c45d92368330a2c254895,14743243,,complete,,693e444fa634b66245dfc0a7,computer,Desktop or Laptop,Windows 10,Chrome 143.0.0.0,1280x720,1280x551,day1done,,,Exposure: Story (no orth),6,day1done,attention_pass,audio-Success,,,A,,,,,eligible,story_A_picOnly,story_A_picOnly,2,1,1,Screen 1,advancementZone,continue_button,2494.5,,,0,,,,,,,,storyTitle,,,,,Title.JPG,
5,1765584426312,13/12/2025 00:07:06,1765584427367,-5,12/12/2025 19:07:07,250842,10,task-zmm2,,51379134,676c45d92368330a2c254895,14743243,,complete,,693e444fa634b66245dfc0a7,computer,Desktop or Laptop,Windows 10,Chrome 143.0.0.0,1280x720,1280x551,day1done,,,Exposure: Story (no orth),6,day1done,attention_pass,audio-Success,,,A,,,,,eligible,story_A_picOnly,story_A_picOnly,3,1,1,Screen 1,storyAudio,content_audio,29138.400000000373,,,0,,,,,,,,storyScreens,,,,,Scene1.JPG,CA_P1.mp3
6,1765584457285,13/12/2025 00:07:37,1765584458486,-5,12/12/2025 19:07:38,250842,10,task-zmm2,,51379134,676c45d92368330a2c254895,14743243,,complete,,693e444fa634b66245dfc0a7,computer,Desktop or Laptop,Windows 10,Chrome 143.0.0.0,1280x720,1280x551,day1done,,,Exposure: Story (no orth),6,day1done,attention_pass,audio-Success,,,A,,,,,eligible,story_A_picOnly,story_A_picOnly,4,2,1,Screen 1,storyAudio,content_audio,31087.599999999627,,,0,,,,,,,,storyScreens,,,,,Scene2.JPG,CA_P2.mp3
7,1765584504272,13/12/2025 00:08:24,1765584505487,-5,12/12/2025 19:08:25,250842,10,task-zmm2,,51379134,676c45d92368330a2c254895,14743243,,complete,,693e444fa634b66245dfc0a7,computer,Desktop or Laptop,Windows 10,Chrome 143.0.0.0,1280x720,1280x551,day1done,,,Exposure: Story (no orth),6,day1done,attention_pass,audio-Success,,,A,,,,,eligible,story_A_picOnly,story_A_picOnly,5,3,1,Screen 1,storyAudio,content_audio,46974.699999999255,,,0,,,,,,,,storyScreens,,,,,Scene3.JPG,CA_P3.mp3
8,1765584549631,13/12/2025 00:09:09,1765584550847,-5,12/12/2025 19:09:10,250842,10,task-zmm2,,51379134,676c45d92368330a2c254895,14743243,,complete,,693e444fa634b66245dfc0a7,computer,Desktop or Laptop,Windows 10,Chrome 143.0.0.0,1280x720,1280x551,day1done,,,Exposure: Story (no orth),6,day1done,attention_pass,audio-Success,,,A,,,,,eligible,story_A_picOnly,story_A_picOnly,6,4,1,Screen 1,storyAudio,content_audio,45325.5,,,0,,,,,,,,storyScreens,,,,,Scene4.JPG,CA_P4.mp3
9,1765584582158,13/12/2025 00:09:42,1765584583366,-5,12/12/2025 19:09:43,250842,10,task-zmm2,,51379134,676c45d92368330a2c254895,14743243,,complete,,693e444fa634b66245dfc0a7,computer,Desktop or Laptop,Windows 10,Chrome 143.0.0.0,1280x720,1280x551,day1done,,,Exposure: Story (no orth),6,day1done,attention_pass,audio-Success,,,A,,,,,eligible,story_A_picOnly,story_A_picOnly,7,5,1,Screen 1,storyAudio,content_audio,32485.900000000373,,,0,,,,,,,,storyScreens,,,,,Scene5.JPG,CA_P5.mp3
10,1765584632700,13/12/2025 00:10:32,1765584633926,-5,12/12/2025 19:10:33,250842,10,task-zmm2,,51379134,676c45d92368330a2c254895,14743243,,complete,,693e444fa634b66245dfc0a7,computer,Desktop or Laptop,Windows 10,Chrome 143.0.0.0,1280x720,1280x551,day1done,,,Exposure: Story (no orth),6,day1done,attention_pass,audio-Success,,,A,,,,,eligible,story_A_picOnly,story_A_picOnly,8,6,1,Screen 1,storyAudio,content_audio,50529.90000000037,,,0,,,,,,,,storyScreens,,,,,Scene6.JPG,CA_P6.mp3
11,1765584660126,13/12/2025 00:11:00,1765584661326,-5,12/12/2025 19:11:01,250842,10,task-zmm2,,51379134,676c45d92368330a2c254895,14743243,,complete,,693e444fa634b66245dfc0a7,computer,Desktop or Laptop,Windows 10,Chrome 143.0.0.0,1280x720,1280x551,day1done,,,Exposure: Story (no orth),6,day1done,attention_pass,audio-Success,,,A,,,,,eligible,story_A_picOnly,story_A_picOnly,9,7,1,Screen 1,storyAudio,content_audio,27374.199999999255,,,0,,,,,,,,storyScreens,,,,,Scene7.JPG,CA_P7.mp3
12,1765584692534,13/12/2025 00:11:32,1765584693746,-5,12/12/2025 19:11:33,250842,10,task-zmm2,,51379134,676c45d92368330a2c254895,14743243,,complete,,693e444fa634b66245dfc0a7,computer,Desktop or Laptop,Windows 10,Chrome 143.0.0.0,1280x720,1280x551,day1done,,,Exposure: Story (no orth),6,day1done,attention_pass,audio-Success,,,A,,,,,eligible,story_A_picOnly,story_A_picOnly,10,8,1,Screen 1,storyAudio,content_audio,32393.599999999627,,,0,,,,,,,,storyScreens,,,,,Scene8.JPG,CA_P8.mp3
13,1765584738806,13/12/2025 00:12:18,1765584740006,-5,12/12/2025 19:12:20,250842,10,task-zmm2,,51379134,676c45d92368330a2c254895,14743243,,complete,,693e444fa634b66245dfc0a7,computer,Desktop or Laptop,Windows 10,Chrome 143.0.0.0,1280x720,1280x551,day1done,,,Exposure: Story (no orth),6,day1done,attention_pass,audio-Success,,,A,,,,,eligible,story_A_picOnly,story_A_picOnly,11,9,1,Screen 1,storyAudio,content_audio,46229.89999999944,,,0,,,,,,,,storyScreens,,,,,Scene9.JPG,CA_P9.mp3
14,1765584753057,13/12/2025 00:12:33,1765584754105,-5,12/12/2025 19:12:34,250842,10,task-zmm2,,51379134,676c45d92368330a2c254895,14743243,,complete,,693e444fa634b66245dfc0a7,computer,Desktop or Laptop,Windows 10,Chrome 143.0.0.0,1280x720,1280x551,day1done,,,Exposure: Story (no orth),6,day1done,attention_pass,audio-Success,,,A,,,,,eligible,story_A_picOnly,story_A_picOnly,12,10,1,Screen 1,storyAudio,content_audio,14070.299999999814,,,0,,,,,,,,storyScreens,,,,,Scene10.JPG,CA_P10.mp3
15,1765584765163,13/12/2025 00:12:45,1765584766366,-5,12/12/2025 19:12:46,250842,10,task-zmm2,,51379134,676c45d92368330a2c254895,14743243,,complete,,693e444fa634b66245dfc0a7,computer,Desktop or Laptop,Windows 10,Chrome 143.0.0.0,1280x720,1280x551,day1done,,,Exposure: Story (no orth),6,day1done,attention_pass,audio-Success,,,A,,,,,eligible,story_A_picOnly,story_A_picOnly,13,11,1,Screen 1,storyAudio,content_audio,12235.200000000186,,,0,,,,,,,,storyScreens,,,,,Scene11.JPG,CA_P11.mp3
16,1765584777023,13/12/2025 00:12:57,1765584778245,-5,12/12/2025 19:12:58,250842,10,task-zmm2,,51379134,676c45d92368330a2c254895,14743243,,complete,,693e444fa634b66245dfc0a7,computer,Desktop or Laptop,Windows 10,Chrome 143.0.0.0,1280x720,1280x551,day1done,,,Exposure: Story (no orth),6,day1done,attention_pass,audio-Success,,,A,,,,,eligible,story_A_picOnly,story_A_picOnly,14,12,1,Screen 1,storyAudio,content_audio,11850.299999999814,,,0,,,,,,,,storyScreens,,,,,Scene12.JPG,CA_P12.mp3
17,1765584789251,13/12/2025 00:13:09,1765584790466,-5,12/12/2025 19:13:10,250842,10,task-zmm2,,51379134,676c45d92368330a2c254895,14743243,,complete,,693e444fa634b66245dfc0a7,computer,Desktop or Laptop,Windows 10,Chrome 143.0.0.0,1280x720,1280x551,day1done,,,Exposure: Story (no orth),6,day1done,attention_pass,audio-Success,,,A,,,,,eligible,story_A_picOnly,story_A_picOnly,15,13,1,Screen 1,storyAudio,content_audio,12197,,,0,,,,,,,,storyScreens,,,,,Scene13.JPG,CA_P13.mp3
18,1765584810456,13/12/2025 00:13:30,1765584811665,-5,12/12/2025 19:13:31,250842,10,task-zmm2,,51379134,676c45d92368330a2c254895,14743243,,complete,,693e444fa634b66245dfc0a7,computer,Desktop or Laptop,Windows 10,Chrome 143.0.0.0,1280x720,1280x551,day1done,,,Exposure: Story (no orth),6,day1done,attention_pass,audio-Success,,,A,,,,,eligible,story_A_picOnly,story_A_picOnly,16,14,1,Screen 1,storyAudio,content_audio,21169.299999999814,,,0,,,,,,,,storyScreens,,,,,Scene14.JPG,CA_P14.mp3
19,1765584826953,13/12/2025 00:13:46,1765584828166,-5,12/12/2025 19:13:48,250842,10,task-zmm2,,51379134,676c45d92368330a2c254895,14743243,,complete,,693e444fa634b66245dfc0a7,computer,Desktop or Laptop,Windows 10,Chrome 143.0.0.0,1280x720,1280x551,day1done,,,Exposure: Story (no orth),6,day1done,attention_pass,audio-Success,,,A,,,,,eligible,story_A_picOnly,story_A_picOnly,17,15,1,Screen 1,storyAudio,content_audio,16474,,,0,,,,,,,,storyScreens,,,,,Scene15.JPG,CA_P15.mp3
20,1765584833512,13/12/2025 00:13:53,1765584834730,-5,12/12/2025 19:13:54,250842,10,task-zmm2,,51379134,676c45d92368330a2c254895,14743243,,complete,,693e444fa634b66245dfc0a7,computer,Desktop or Laptop,Windows 10,Chrome 143.0.0.0,1280x720,1280x551,day1done,,,Exposure: Story (no orth),6,day1done,attention_pass,audio-Success,,,A,,,,,eligible,story_A_picOnly,story_A_picOnly,18,1,1,Screen 1,advancementZone,continue_button,6537.9000000003725,,,0,,,,,,,,comprehensionInstructions,,,,,,
21,1765584836519,13/12/2025 00:13:56,1765584837730,-5,12/12/2025 19:13:57,250842,10,task-zmm2,,51379134,676c45d92368330a2c254895,14743243,,complete,,693e444fa634b66245dfc0a7,computer,Desktop or Laptop,Windows 10,Chrome 143.0.0.0,1280x720,1280x551,day1done,,,Exposure: Story (no orth),6,day1done,attention_pass,audio-Success,,,A,,,,,eligible,story_A_picOnly,story_A_picOnly,21,1,1,Screen 1,advancementZone,response_button_text,2986.7000000001863,,Green,1,1,,,,,,1,comprehensionQs,What colour were the main characters?,Green,Yellow,Green,,
22,1765584838714,13/12/2025 00:13:58,1765584839938,-5,12/12/2025 19:13:59,250842,10,task-zmm2,,51379134,676c45d92368330a2c254895,14743243,,complete,,693e444fa634b66245dfc0a7,computer,Desktop or Laptop,Windows 10,Chrome 143.0.0.0,1280x720,1280x551,day1done,,,Exposure: Story (no orth),6,day1done,attention_pass,audio-Success,,,A,,,,,eligible,story_A_picOnly,story_A_picOnly,22,2,1,Screen 1,Zone1,response_button_text,2197.5999999996275,,Intergalactic Zoo,1,1,,,,,,1,comprehensionQs,Where did they go?,Intergalactic Fairground,Intergalactic Zoo,Intergalactic Zoo,,
23,1765584842922,13/12/2025 00:14:02,1765584844145,-5,12/12/2025 19:14:04,250842,10,task-zmm2,,51379134,676c45d92368330a2c254895,14743243,,complete,,693e444fa634b66245dfc0a7,computer,Desktop or Laptop,Windows 10,Chrome 143.0.0.0,1280x720,1280x551,day1done,,,Exposure: Story (no orth),6,day1done,attention_pass,audio-Success,,,A,,,,,eligible,story_A_picOnly,story_A_picOnly,20,3,1,Screen 1,advancementZone,response_button_text,4199.5,,Krista,1,1,,,,,,1,comprehensionQs,What was the girl character called?,Krista,Crystal,Krista,,
24,1765584844518,13/12/2025 00:14:04,1765584845738,-5,12/12/2025 19:14:05,250842,10,task-zmm2,,51379134,676c45d92368330a2c254895,14743243,,complete,,693e444fa634b66245dfc0a7,computer,Desktop or Laptop,Windows 10,Chrome 143.0.0.0,1280x720,1280x551,day1done,,,Exposure: Story (no orth),6,day1done,attention_pass,audio-Success,,,A,,,,,eligible,story_A_picOnly,story_A_picOnly,19,4,1,Screen 1,Zone1,response_button_text,1585.1000000005588,,Archie,1,1,,,,,,1,comprehensionQs,What was the boy character called?,Andy,Archie,Archie,,
25,1765584844718,13/12/2025 00:14:04,1765584845742,-5,12/12/2025 19:14:05,250842,10,task-zmm2,,51379134,676c45d92368330a2c254895,14743243,,complete,,693e444fa634b66245dfc0a7,computer,Desktop or Laptop,Windows 10,Chrome 143.0.0.0,1280x720,1280x551,day1done,,,Exposure: Story (no orth),6,day1done,attention_pass,audio-Success,,,A,,,,,eligible,story_A_picOnly,,,END TASK,,,,,503188,,,,,,,,,,,,,,,,,
1,1765590296562,13/12/2025 01:44:56,1765590296951,-6,12/12/2025 19:44:56,250842,10,task-zmm2,,51379611,663e3cebf22215cffd238d3e,14743375,,complete,,693cc4382422a7473104cf3d,computer,Desktop or Laptop,Windows 10,Chrome 142.0.0.0,1280x800,1600x789,day1done,,,Exposure: Story (no orth),6,day1done,attention_pass,audio-Success,,,A,,,,,eligible,story_A_picOnly,,,BEGIN TASK,,,,,,,,,,,,,,,,,,,,,,
2,1765590298538,13/12/2025 01:44:58,1765590298961,-6,12/12/2025 19:44:58,250842,10,task-zmm2,,51379611,663e3cebf22215cffd238d3e,14743375,,complete,,693cc4382422a7473104cf3d,computer,Desktop or Laptop,Windows 10,Chrome 142.0.0.0,1280x800,1600x789,day1done,,,Exposure: Story (no orth),6,day1done,attention_pass,audio-Success,,,A,,,,,eligible,story_A_picOnly,story_A_picOnly,1,1,1,Screen 2,advancementZone,continue_button,1965.4000000059605,,,0,,,,,,,,instructions,,,,,,
3,1765590311162,13/12/2025 01:45:11,1765590311591,-6,12/12/2025 19:45:11,250842,10,task-zmm2,,51379611,663e3cebf22215cffd238d3e,14743375,,complete,,693cc4382422a7473104cf3d,computer,Desktop or Laptop,Windows 10,Chrome 142.0.0.0,1280x800,1600x789,day1done,,,Exposure: Story (no orth),6,day1done,attention_pass,audio-Success,,,A,,,,,eligible,story_A_picOnly,story_A_picOnly,1,1,2,Screen 1,advancementZone,continue_button,12619.300000011921,,,0,,,,,,,,instructions,,,,,,
4,1765590314364,13/12/2025 01:45:14,1765590314821,-6,12/12/2025 19:45:14,250842,10,task-zmm2,,51379611,663e3cebf22215cffd238d3e,14743375,,complete,,693cc4382422a7473104cf3d,computer,Desktop or Laptop,Windows 10,Chrome 142.0.0.0,1280x800,1600x789,day1done,,,Exposure: Story (no orth),6,day1done,attention_pass,audio-Success,,,A,,,,,eligible,story_A_picOnly,story_A_picOnly,2,1,1,Screen 1,advancementZone,continue_button,3222.5999999940395,,,0,,,,,,,,storyTitle,,,,,Title.JPG,
5,1765590343742,13/12/2025 01:45:43,1765590344190,-6,12/12/2025 19:45:44,250842,10,task-zmm2,,51379611,663e3cebf22215cffd238d3e,14743375,,complete,,693cc4382422a7473104cf3d,computer,Desktop or Laptop,Windows 10,Chrome 142.0.0.0,1280x800,1600x789,day1done,,,Exposure: Story (no orth),6,day1done,attention_pass,audio-Success,,,A,,,,,eligible,story_A_picOnly,story_A_picOnly,3,1,1,Screen 1,storyAudio,content_audio,29362.40000000596,,,0,,,,,,,,storyScreens,,,,,Scene1.JPG,CA_P1.mp3
6,1765590374793,13/12/2025 01:46:14,1765590375230,-6,12/12/2025 19:46:15,250842,10,task-zmm2,,51379611,663e3cebf22215cffd238d3e,14743375,,complete,,693cc4382422a7473104cf3d,computer,Desktop or Laptop,Windows 10,Chrome 142.0.0.0,1280x800,1600x789,day1done,,,Exposure: Story (no orth),6,day1done,attention_pass,audio-Success,,,A,,,,,eligible,story_A_picOnly,story_A_picOnly,4,2,1,Screen 1,storyAudio,content_audio,31032.29999998212,,,0,,,,,,,,storyScreens,,,,,Scene2.JPG,CA_P2.mp3
7,1765590422090,13/12/2025 01:47:02,1765590422144,-6,12/12/2025 19:47:02,250842,10,task-zmm2,,51379611,663e3cebf22215cffd238d3e,14743375,,complete,,693cc4382422a7473104cf3d,computer,Desktop or Laptop,Windows 10,Chrome 142.0.0.0,1280x800,1600x789,day1done,,,Exposure: Story (no orth),6,day1done,attention_pass,audio-Success,,,A,,,,,eligible,story_A_picOnly,story_A_picOnly,5,3,1,Screen 1,storyAudio,content_audio,46904.60000002384,,,0,,,,,,,,storyScreens,,,,,Scene3.JPG,CA_P3.mp3
8,1765590467278,13/12/2025 01:47:47,1765590467415,-6,12/12/2025 19:47:47,250842,10,task-zmm2,,51379611,663e3cebf22215cffd238d3e,14743375,,complete,,693cc4382422a7473104cf3d,computer,Desktop or Laptop,Windows 10,Chrome 142.0.0.0,1280x800,1600x789,day1done,,,Exposure: Story (no orth),6,day1done,attention_pass,audio-Success,,,A,,,,,eligible,story_A_picOnly,story_A_picOnly,6,4,1,Screen 1,storyAudio,content_audio,45262.09999999404,,,0,,,,,,,,storyScreens,,,,,Scene4.JPG,CA_P4.mp3
9,1765590499727,13/12/2025 01:48:19,1765590499830,-6,12/12/2025 19:48:19,250842,10,task-zmm2,,51379611,663e3cebf22215cffd238d3e,14743375,,complete,,693cc4382422a7473104cf3d,computer,Desktop or Laptop,Windows 10,Chrome 142.0.0.0,1280x800,1600x789,day1done,,,Exposure: Story (no orth),6,day1done,attention_pass,audio-Success,,,A,,,,,eligible,story_A_picOnly,story_A_picOnly,7,5,1,Screen 1,storyAudio,content_audio,32408.30000001192,,,0,,,,,,,,storyScreens,,,,,Scene5.JPG,CA_P5.mp3
10,1765590550438,13/12/2025 01:49:10,1765590550328,-6,12/12/2025 19:49:10,250842,10,task-zmm2,,51379611,663e3cebf22215cffd238d3e,14743375,,complete,,693cc4382422a7473104cf3d,computer,Desktop or Laptop,Windows 10,Chrome 142.0.0.0,1280x800,1600x789,day1done,,,Exposure: Story (no orth),6,day1done,attention_pass,audio-Success,,,A,,,,,eligible,story_A_picOnly,story_A_picOnly,8,6,1,Screen 1,storyAudio,content_audio,50489.40000000596,,,0,,,,,,,,storyScreens,,,,,Scene6.JPG,CA_P6.mp3
11,1765590577638,13/12/2025 01:49:37,1765590577657,-6,12/12/2025 19:49:37,250842,10,task-zmm2,,51379611,663e3cebf22215cffd238d3e,14743375,,complete,,693cc4382422a7473104cf3d,computer,Desktop or Laptop,Windows 10,Chrome 142.0.0.0,1280x800,1600x789,day1done,,,Exposure: Story (no orth),6,day1done,attention_pass,audio-Success,,,A,,,,,eligible,story_A_picOnly,story_A_picOnly,9,7,1,Screen 1,storyAudio,content_audio,27321.09999999404,,,0,,,,,,,,storyScreens,,,,,Scene7.JPG,CA_P7.mp3
12,1765590609616,13/12/2025 01:50:09,1765590610020,-6,12/12/2025 19:50:10,250842,10,task-zmm2,,51379611,663e3cebf22215cffd238d3e,14743375,,complete,,693cc4382422a7473104cf3d,computer,Desktop or Laptop,Windows 10,Chrome 142.0.0.0,1280x800,1600x789,day1done,,,Exposure: Story (no orth),6,day1done,attention_pass,audio-Success,,,A,,,,,eligible,story_A_picOnly,story_A_picOnly,10,8,1,Screen 1,storyAudio,content_audio,32353.30000001192,,,0,,,,,,,,storyScreens,,,,,Scene8.JPG,CA_P8.mp3
13,1765590655948,13/12/2025 01:50:55,1765590656208,-6,12/12/2025 19:50:56,250842,10,task-zmm2,,51379611,663e3cebf22215cffd238d3e,14743375,,complete,,693cc4382422a7473104cf3d,computer,Desktop or Laptop,Windows 10,Chrome 142.0.0.0,1280x800,1600x789,day1done,,,Exposure: Story (no orth),6,day1done,attention_pass,audio-Success,,,A,,,,,eligible,story_A_picOnly,story_A_picOnly,11,9,1,Screen 1,storyAudio,content_audio,46179.90000000596,,,0,,,,,,,,storyScreens,,,,,Scene9.JPG,CA_P9.mp3
14,1765590669754,13/12/2025 01:51:09,1765590670203,-6,12/12/2025 19:51:10,250842,10,task-zmm2,,51379611,663e3cebf22215cffd238d3e,14743375,,complete,,693cc4382422a7473104cf3d,computer,Desktop or Laptop,Windows 10,Chrome 142.0.0.0,1280x800,1600x789,day1done,,,Exposure: Story (no orth),6,day1done,attention_pass,audio-Success,,,A,,,,,eligible,story_A_picOnly,story_A_picOnly,12,10,1,Screen 1,storyAudio,content_audio,13987.5,,,0,,,,,,,,storyScreens,,,,,Scene10.JPG,CA_P10.mp3
15,1765590681952,13/12/2025 01:51:21,1765590682406,-6,12/12/2025 19:51:22,250842,10,task-zmm2,,51379611,663e3cebf22215cffd238d3e,14743375,,complete,,693cc4382422a7473104cf3d,computer,Desktop or Laptop,Windows 10,Chrome 142.0.0.0,1280x800,1600x789,day1done,,,Exposure: Story (no orth),6,day1done,attention_pass,audio-Success,,,A,,,,,eligible,story_A_picOnly,story_A_picOnly,13,11,1,Screen 1,storyAudio,content_audio,12195,,,0,,,,,,,,storyScreens,,,,,Scene11.JPG,CA_P11.mp3
16,1765590693737,13/12/2025 01:51:33,1765590694183,-6,12/12/2025 19:51:34,250842,10,task-zmm2,,51379611,663e3cebf22215cffd238d3e,14743375,,complete,,693cc4382422a7473104cf3d,computer,Desktop or Laptop,Windows 10,Chrome 142.0.0.0,1280x800,1600x789,day1done,,,Exposure: Story (no orth),6,day1done,attention_pass,audio-Success,,,A,,,,,eligible,story_A_picOnly,story_A_picOnly,14,12,1,Screen 1,storyAudio,content_audio,11768.59999999404,,,0,,,,,,,,storyScreens,,,,,Scene12.JPG,CA_P12.mp3
17,1765590705845,13/12/2025 01:51:45,1765590706300,-6,12/12/2025 19:51:46,250842,10,task-zmm2,,51379611,663e3cebf22215cffd238d3e,14743375,,complete,,693cc4382422a7473104cf3d,computer,Desktop or Laptop,Windows 10,Chrome 142.0.0.0,1280x800,1600x789,day1done,,,Exposure: Story (no orth),6,day1done,attention_pass,audio-Success,,,A,,,,,eligible,story_A_picOnly,story_A_picOnly,15,13,1,Screen 1,storyAudio,content_audio,12109.09999999404,,,0,,,,,,,,storyScreens,,,,,Scene13.JPG,CA_P13.mp3
18,1765590726984,13/12/2025 01:52:06,1765590727441,-6,12/12/2025 19:52:07,250842,10,task-zmm2,,51379611,663e3cebf22215cffd238d3e,14743375,,complete,,693cc4382422a7473104cf3d,computer,Desktop or Laptop,Windows 10,Chrome 142.0.0.0,1280x800,1600x789,day1done,,,Exposure: Story (no orth),6,day1done,attention_pass,audio-Success,,,A,,,,,eligible,story_A_picOnly,story_A_picOnly,16,14,1,Screen 1,storyAudio,content_audio,21134.30000001192,,,0,,,,,,,,storyScreens,,,,,Scene14.JPG,CA_P14.mp3
19,1765590743435,13/12/2025 01:52:23,1765590743890,-6,12/12/2025 19:52:23,250842,10,task-zmm2,,51379611,663e3cebf22215cffd238d3e,14743375,,complete,,693cc4382422a7473104cf3d,computer,Desktop or Laptop,Windows 10,Chrome 142.0.0.0,1280x800,1600x789,day1done,,,Exposure: Story (no orth),6,day1done,attention_pass,audio-Success,,,A,,,,,eligible,story_A_picOnly,story_A_picOnly,17,15,1,Screen 1,storyAudio,content_audio,16440.59999999404,,,0,,,,,,,,storyScreens,,,,,Scene15.JPG,CA_P15.mp3
20,1765590745992,13/12/2025 01:52:25,1765590746446,-6,12/12/2025 19:52:26,250842,10,task-zmm2,,51379611,663e3cebf22215cffd238d3e,14743375,,complete,,693cc4382422a7473104cf3d,computer,Desktop or Laptop,Windows 10,Chrome 142.0.0.0,1280x800,1600x789,day1done,,,Exposure: Story (no orth),6,day1done,attention_pass,audio-Success,,,A,,,,,eligible,story_A_picOnly,story_A_picOnly,18,1,1,Screen 1,advancementZone,continue_button,2547.300000011921,,,0,,,,,,,,comprehensionInstructions,,,,,,
21,1765590747728,13/12/2025 01:52:27,1765590748181,-6,12/12/2025 19:52:28,250842,10,task-zmm2,,51379611,663e3cebf22215cffd238d3e,14743375,,complete,,693cc4382422a7473104cf3d,computer,Desktop or Laptop,Windows 10,Chrome 142.0.0.0,1280x800,1600x789,day1done,,,Exposure: Story (no orth),6,day1done,attention_pass,audio-Success,,,A,,,,,eligible,story_A_picOnly,story_A_picOnly,22,1,1,Screen 1,Zone1,response_button_text,1724.199999988079,,Intergalactic Zoo,1,1,,,,,,1,comprehensionQs,Where did they go?,Intergalactic Fairground,Intergalactic Zoo,Intergalactic Zoo,,
22,1765590749553,13/12/2025 01:52:29,1765590749999,-6,12/12/2025 19:52:29,250842,10,task-zmm2,,51379611,663e3cebf22215cffd238d3e,14743375,,complete,,693cc4382422a7473104cf3d,computer,Desktop or Laptop,Windows 10,Chrome 142.0.0.0,1280x800,1600x789,day1done,,,Exposure: Story (no orth),6,day1done,attention_pass,audio-Success,,,A,,,,,eligible,story_A_picOnly,story_A_picOnly,21,2,1,Screen 1,advancementZone,response_button_text,1808.8999999761581,,Green,1,1,,,,,,1,comprehensionQs,What colour were the main characters?,Green,Yellow,Green,,
23,1765590754531,13/12/2025 01:52:34,1765590754642,-6,12/12/2025 19:52:34,250842,10,task-zmm2,,51379611,663e3cebf22215cffd238d3e,14743375,,complete,,693cc4382422a7473104cf3d,computer,Desktop or Laptop,Windows 10,Chrome 142.0.0.0,1280x800,1600x789,day1done,,,Exposure: Story (no orth),6,day1done,attention_pass,audio-Success,,,A,,,,,eligible,story_A_picOnly,story_A_picOnly,20,3,1,Screen 1,advancementZone,response_button_text,4632.300000011921,,Krista,1,1,,,,,,1,comprehensionQs,What was the girl character called?,Krista,Crystal,Krista,,
24,1765590755918,13/12/2025 01:52:35,1765590756364,-6,12/12/2025 19:52:36,250842,10,task-zmm2,,51379611,663e3cebf22215cffd238d3e,14743375,,complete,,693cc4382422a7473104cf3d,computer,Desktop or Laptop,Windows 10,Chrome 142.0.0.0,1280x800,1600x789,day1done,,,Exposure: Story (no orth),6,day1done,attention_pass,audio-Success,,,A,,,,,eligible,story_A_picOnly,story_A_picOnly,19,4,1,Screen 1,Zone1,response_button_text,1712.2999999821186,,Archie,1,1,,,,,,1,comprehensionQs,What was the boy character called?,Andy,Archie,Archie,,
25,1765590756211,13/12/2025 01:52:36,1765590756371,-6,12/12/2025 19:52:36,250842,10,task-zmm2,,51379611,663e3cebf22215cffd238d3e,14743375,,complete,,693cc4382422a7473104cf3d,computer,Desktop or Laptop,Windows 10,Chrome 142.0.0.0,1280x800,1600x789,day1done,,,Exposure: Story (no orth),6,day1done,attention_pass,audio-Success,,,A,,,,,eligible,story_A_picOnly,,,END TASK,,,,,459420,,,,,,,,,,,,,,,,,
END OF FILE,,,,,,,,,,,,,,,,,,,,,,,,,,,,,,,,,,,,,,,,,,,,,,,,,,,,,,,,,,,,,,,,
