Event Index,UTC Timestamp,UTC Date and Time,Local Timestamp,Local Timezone,Local Date and Time,Experiment ID,Experiment Version,Tree Node Key,Repeat Key,Schedule ID,Participant Public ID,Participant Private ID,Participant Starting Group,Participant Status,Participant Completion Code,Participant External Session ID,Participant Device Type,Participant Device,Participant OS,Participant Browser,Participant Monitor Size,Participant Viewport Size,Checkpoint,Room ID,Room Order,Task Name,Task Version,checkpoint-eqdz,branch-m64g,branch-jfu9,branch-n4qm,branch-vz7v,randomiser-q5z8,branch-gyqg,branch-lrfh,checkpoint-pq3t,checkpoint-p1b9,branch-pusb,Manipulation: Spreadsheet,Spreadsheet Name,Spreadsheet Row,Trial Number,Screen Number,Screen Name,Zone Name,Zone Type,Reaction Time,Reaction Onset,Response,Attempt,Correct,Dishonest,X Coordinate,Y Coordinate,Timed Out,randomise_blocks,randomise_trials,display,answer
1,1765234674409,08/12/2025 22:57:54,1765234661224,-5,08/12/2025 17:57:41,250842,10,task-24zw,,51269939,670391e01385e6794f0eff25,14710098,,complete,,6938a58edf434b9f87cd0a5c,computer,Desktop or Laptop,Windows 10,Edge 142.0.0.0,1536x864,1528x698,day1done,,,Sound check - speakers,17,day1done,attention_pass,audio-Success,,,A,,,,,eligible,soundCheck,,,BEGIN TASK,,,,,,,,,,,,,,,,,
2,1765234685789,08/12/2025 22:58:05,1765234672338,-5,08/12/2025 17:57:52,250842,10,task-24zw,,51269939,670391e01385e6794f0eff25,14710098,,complete,,6938a58edf434b9f87cd0a5c,computer,Desktop or Laptop,Windows 10,Edge 142.0.0.0,1536x864,1528x698,day1done,,,Sound check - speakers,17,day1done,attention_pass,audio-Success,,,A,,,,,eligible,soundCheck,soundCheck,1,1,1,Screen 1,advancementZone,continue_button,11025.099999999627,,,0,,,,,,,,soundCheckInstructions,
3,1765234690666,08/12/2025 22:58:10,1765234677273,-5,08/12/2025 17:57:57,250842,10,task-24zw,,51269939,670391e01385e6794f0eff25,14710098,,complete,,6938a58edf434b9f87cd0a5c,computer,Desktop or Laptop,Windows 10,Edge 142.0.0.0,1536x864,1528x698,day1done,,,Sound check - speakers,17,day1done,attention_pass,audio-Success,,,A,,,,,eligible,soundCheck,soundCheck,2,1,1,Screen 1,audiofile,content_audio,4830.4000000003725,,AUDIO STARTED,1,,,,,,,,volumeAdjustment,octopus
4,1765234693704,08/12/2025 22:58:13,1765234680567,-5,08/12/2025 17:58:00,250842,10,task-24zw,,51269939,670391e01385e6794f0eff25,14710098,,complete,,6938a58edf434b9f87cd0a5c,computer,Desktop or Laptop,Windows 10,Edge 142.0.0.0,1536x864,1528x698,day1done,,,Sound check - speakers,17,day1done,attention_pass,audio-Success,,,A,,,,,eligible,soundCheck,soundCheck,2,1,1,Screen 1,audiofile,content_audio,8124.4000000003725,,AUDIO STARTED,2,,,,,,,,volumeAdjustment,octopus
5,1765234701266,08/12/2025 22:58:21,1765234687849,-5,08/12/2025 17:58:07,250842,10,task-24zw,,51269939,670391e01385e6794f0eff25,14710098,,complete,,6938a58edf434b9f87cd0a5c,computer,Desktop or Laptop,Windows 10,Edge 142.0.0.0,1536x864,1528x698,day1done,,,Sound check - speakers,17,day1done,attention_pass,audio-Success,,,A,,,,,eligible,soundCheck,soundCheck,2,1,1,Screen 1,audiofile,content_audio,15406.300000000745,,AUDIO STARTED,3,,,,,,,,volumeAdjustment,octopus
6,1765234702812,08/12/2025 22:58:22,1765234689678,-5,08/12/2025 17:58:09,250842,10,task-24zw,,51269939,670391e01385e6794f0eff25,14710098,,complete,,6938a58edf434b9f87cd0a5c,computer,Desktop or Laptop,Windows 10,Edge 142.0.0.0,1536x864,1528x698,day1done,,,Sound check - speakers,17,day1done,attention_pass,audio-Success,,,A,,,,,eligible,soundCheck,soundCheck,2,1,1,Screen 1,audiofile,content_audio,17234.699999999255,,AUDIO STARTED,4,,,,,,,,volumeAdjustment,octopus
7,1765234704716,08/12/2025 22:58:24,1765234691571,-5,08/12/2025 17:58:11,250842,10,task-24zw,,51269939,670391e01385e6794f0eff25,14710098,,complete,,6938a58edf434b9f87cd0a5c,computer,Desktop or Laptop,Windows 10,Edge 142.0.0.0,1536x864,1528x698,day1done,,,Sound check - speakers,17,day1done,attention_pass,audio-Success,,,A,,,,,eligible,soundCheck,soundCheck,2,1,1,Screen 1,audiofile,content_audio,19128.099999999627,,AUDIO STARTED,5,,,,,,,,volumeAdjustment,octopus
8,1765234706935,08/12/2025 22:58:26,1765234693778,-5,08/12/2025 17:58:13,250842,10,task-24zw,,51269939,670391e01385e6794f0eff25,14710098,,complete,,6938a58edf434b9f87cd0a5c,computer,Desktop or Laptop,Windows 10,Edge 142.0.0.0,1536x864,1528x698,day1done,,,Sound check - speakers,17,day1done,attention_pass,audio-Success,,,A,,,,,eligible,soundCheck,soundCheck,2,1,1,Screen 1,audiofile,content_audio,21335.300000000745,,AUDIO STARTED,6,,,,,,,,volumeAdjustment,octopus
9,1765234718740,08/12/2025 22:58:38,1765234705317,-5,08/12/2025 17:58:25,250842,10,task-24zw,,51269939,670391e01385e6794f0eff25,14710098,,complete,,6938a58edf434b9f87cd0a5c,computer,Desktop or Laptop,Windows 10,Edge 142.0.0.0,1536x864,1528x698,day1done,,,Sound check - speakers,17,day1done,attention_pass,audio-Success,,,A,,,,,eligible,soundCheck,soundCheck,2,1,1,Screen 1,audiofile,content_audio,32873.90000000037,,AUDIO STARTED,7,,,,,,,,volumeAdjustment,octopus
10,1765234719772,08/12/2025 22:58:39,1765234706634,-5,08/12/2025 17:58:26,250842,10,task-24zw,,51269939,670391e01385e6794f0eff25,14710098,,complete,,6938a58edf434b9f87cd0a5c,computer,Desktop or Laptop,Windows 10,Edge 142.0.0.0,1536x864,1528x698,day1done,,,Sound check - speakers,17,day1done,attention_pass,audio-Success,,,A,,,,,eligible,soundCheck,soundCheck,2,1,1,Screen 1,audiofile,content_audio,34190.90000000037,,AUDIO STARTED,8,,,,,,,,volumeAdjustment,octopus
11,1765234738196,08/12/2025 22:58:58,1765234724775,-5,08/12/2025 17:58:44,250842,10,task-24zw,,51269939,670391e01385e6794f0eff25,14710098,,complete,,6938a58edf434b9f87cd0a5c,computer,Desktop or Laptop,Windows 10,Edge 142.0.0.0,1536x864,1528x698,day1done,,,Sound check - speakers,17,day1done,attention_pass,audio-Success,,,A,,,,,eligible,soundCheck,soundCheck,2,1,1,Screen 1,typeword,response_text_entry,52331.5,,octupus ,1,,,,,,,,volumeAdjustment,octopus
12,1765234743643,08/12/2025 22:59:03,1765234730243,-5,08/12/2025 17:58:50,250842,10,task-24zw,,51269939,670391e01385e6794f0eff25,14710098,,complete,,6938a58edf434b9f87cd0a5c,computer,Desktop or Laptop,Windows 10,Edge 142.0.0.0,1536x864,1528x698,day1done,,,Sound check - speakers,17,day1done,attention_pass,audio-Success,,,A,,,,,eligible,soundCheck,soundCheck,2,1,1,Screen 1,audiofile,content_audio,57799.699999999255,,AUDIO STARTED,9,,,,,,,,volumeAdjustment,octopus
13,1765234745356,08/12/2025 22:59:05,1765234732216,-5,08/12/2025 17:58:52,250842,10,task-24zw,,51269939,670391e01385e6794f0eff25,14710098,,complete,,6938a58edf434b9f87cd0a5c,computer,Desktop or Laptop,Windows 10,Edge 142.0.0.0,1536x864,1528x698,day1done,,,Sound check - speakers,17,day1done,attention_pass,audio-Success,,,A,,,,,eligible,soundCheck,soundCheck,2,1,1,Screen 1,audiofile,content_audio,59773.09999999963,,AUDIO STARTED,10,,,,,,,,volumeAdjustment,octopus
14,1765234752925,08/12/2025 22:59:12,1765234739505,-5,08/12/2025 17:58:59,250842,10,task-24zw,,51269939,670391e01385e6794f0eff25,14710098,,complete,,6938a58edf434b9f87cd0a5c,computer,Desktop or Laptop,Windows 10,Edge 142.0.0.0,1536x864,1528x698,day1done,,,Sound check - speakers,17,day1done,attention_pass,audio-Success,,,A,,,,,eligible,soundCheck,soundCheck,2,1,1,Screen 1,typeword,response_text_entry,67062.30000000075,,octapus ,2,,,,,,,,volumeAdjustment,octopus
15,1765234778402,08/12/2025 22:59:38,1765234764966,-5,08/12/2025 17:59:24,250842,10,task-24zw,,51269939,670391e01385e6794f0eff25,14710098,,complete,,6938a58edf434b9f87cd0a5c,computer,Desktop or Laptop,Windows 10,Edge 142.0.0.0,1536x864,1528x698,day1done,,,Sound check - speakers,17,day1done,attention_pass,audio-Success,,,A,,,,,eligible,soundCheck,soundCheck,2,1,1,Screen 1,typeword,response_text_entry,92516.90000000037,,octopus ,3,1,,,,,,,volumeAdjustment,octopus
16,1765234785819,08/12/2025 22:59:45,1765234772406,-5,08/12/2025 17:59:32,250842,10,task-24zw,,51269939,670391e01385e6794f0eff25,14710098,,complete,,6938a58edf434b9f87cd0a5c,computer,Desktop or Laptop,Windows 10,Edge 142.0.0.0,1536x864,1528x698,day1done,,,Sound check - speakers,17,day1done,attention_pass,audio-Success,,,A,,,,,eligible,soundCheck,soundCheck,3,1,1,Screen 1,advancementZone,continue_button,7413.799999998882,,,0,,,,,,,,autoplay,chocolate
17,1765234796804,08/12/2025 22:59:56,1765234783636,-5,08/12/2025 17:59:43,250842,10,task-24zw,,51269939,670391e01385e6794f0eff25,14710098,,complete,,6938a58edf434b9f87cd0a5c,computer,Desktop or Laptop,Windows 10,Edge 142.0.0.0,1536x864,1528x698,day1done,,,Sound check - speakers,17,day1done,attention_pass,audio-Success,,,A,,,,,eligible,soundCheck,soundCheck,3,1,2,Screen 2,Zone1,response_text_entry,11202.199999999255,,chocolate,1,1,,,,,,,autoplay,chocolate
18,1765234796943,08/12/2025 22:59:56,1765234783650,-5,08/12/2025 17:59:43,250842,10,task-24zw,,51269939,670391e01385e6794f0eff25,14710098,,complete,,6938a58edf434b9f87cd0a5c,computer,Desktop or Laptop,Windows 10,Edge 142.0.0.0,1536x864,1528x698,day1done,,,Sound check - speakers,17,day1done,attention_pass,audio-Success,,,A,,,,,eligible,soundCheck,,,END TASK,,,,,122427,,,,,,,,,,,,
1,1765579837160,12/12/2025 22:50:37,1765579817537,-5,12/12/2025 17:50:17,250842,10,task-24zw,,51378409,5cfc7489e289a80016b6e29f,14743093,,complete,,693ec363e28337b737f00921,computer,Desktop or Laptop,Windows 10,Firefox 145.0,1920x1080,1869x927,day1done,,,Sound check - speakers,17,day1done,attention_pass,audio-Success,,,A,,,,,eligible,soundCheck,,,BEGIN TASK,,,,,,,,,,,,,,,,,
2,1765579844264,12/12/2025 22:50:44,1765579824669,-5,12/12/2025 17:50:24,250842,10,task-24zw,,51378409,5cfc7489e289a80016b6e29f,14743093,,complete,,693ec363e28337b737f00921,computer,Desktop or Laptop,Windows 10,Firefox 145.0,1920x1080,1869x955,day1done,,,Sound check - speakers,17,day1done,attention_pass,audio-Success,,,A,,,,,eligible,soundCheck,soundCheck,1,1,1,Screen 1,advancementZone,continue_button,6387,,,0,,,,,,,,soundCheckInstructions,
3,1765579847942,12/12/2025 22:50:47,1765579828368,-5,12/12/2025 17:50:28,250842,10,task-24zw,,51378409,5cfc7489e289a80016b6e29f,14743093,,complete,,693ec363e28337b737f00921,computer,Desktop or Laptop,Windows 10,Firefox 145.0,1920x1080,1869x955,day1done,,,Sound check - speakers,17,day1done,attention_pass,audio-Success,,,A,,,,,eligible,soundCheck,soundCheck,2,1,1,Screen 1,audiofile,content_audio,3694,,AUDIO STARTED,1,,,,,,,,volumeAdjustment,octopus
4,1765579854124,12/12/2025 22:50:54,1765579834554,-5,12/12/2025 17:50:34,250842,10,task-24zw,,51378409,5cfc7489e289a80016b6e29f,14743093,,complete,,693ec363e28337b737f00921,computer,Desktop or Laptop,Windows 10,Firefox 145.0,1920x1080,1869x955,day1done,,,Sound check - speakers,17,day1done,attention_pass,audio-Success,,,A,,,,,eligible,soundCheck,soundCheck,2,1,1,Screen 1,typeword,response_text_entry,9879,,octopus,1,1,,,,,,,volumeAdjustment,octopus
5,1765579861245,12/12/2025 22:51:01,1765579841644,-5,12/12/2025 17:50:41,250842,10,task-24zw,,51378409,5cfc7489e289a80016b6e29f,14743093,,complete,,693ec363e28337b737f00921,computer,Desktop or Laptop,Windows 10,Firefox 145.0,1920x1080,1869x955,day1done,,,Sound check - speakers,17,day1done,attention_pass,audio-Success,,,A,,,,,eligible,soundCheck,soundCheck,3,1,1,Screen 1,advancementZone,continue_button,7087,,,0,,,,,,,,autoplay,chocolate
6,1765579869222,12/12/2025 22:51:09,1765579849645,-5,12/12/2025 17:50:49,250842,10,task-24zw,,51378409,5cfc7489e289a80016b6e29f,14743093,,complete,,693ec363e28337b737f00921,computer,Desktop or Laptop,Windows 10,Firefox 145.0,1920x1080,1869x955,day1done,,,Sound check - speakers,17,day1done,attention_pass,audio-Success,,,A,,,,,eligible,soundCheck,soundCheck,3,1,2,Screen 2,Zone1,response_text_entry,7998,,chocolate,1,1,,,,,,,autoplay,chocolate
7,1765579869384,12/12/2025 22:51:09,1765579849649,-5,12/12/2025 17:50:49,250842,10,task-24zw,,51378409,5cfc7489e289a80016b6e29f,14743093,,complete,,693ec363e28337b737f00921,computer,Desktop or Laptop,Windows 10,Firefox 145.0,1920x1080,1869x955,day1done,,,Sound check - speakers,17,day1done,attention_pass,audio-Success,,,A,,,,,eligible,soundCheck,,,END TASK,,,,,32112,,,,,,,,,,,,
1,1765579981639,12/12/2025 22:53:01,1765579981377,-7,12/12/2025 15:53:01,250842,10,task-24zw,,51378430,6621a2f38453311275d17d65,14743096,,complete,,693df7ca0b7db9ca467c735e,computer,Desktop or Laptop,Windows 10,Edge 143.0.0.0,1536x864,1528x708,day1done,,,Sound check - speakers,17,,,audio-Success,,,C,,attention_pass,,day1done,eligible,soundCheck,,,BEGIN TASK,,,,,,,,,,,,,,,,,
2,1765580025957,12/12/2025 22:53:45,1765580025195,-7,12/12/2025 15:53:45,250842,10,task-24zw,,51378430,6621a2f38453311275d17d65,14743096,,complete,,693df7ca0b7db9ca467c735e,computer,Desktop or Laptop,Windows 10,Edge 143.0.0.0,1536x864,1536x864,day1done,,,Sound check - speakers,17,,,audio-Success,,,C,,attention_pass,,day1done,eligible,soundCheck,soundCheck,1,1,1,Screen 1,advancementZone,continue_button,43649,,,0,,,,,,,,soundCheckInstructions,
3,1765580034266,12/12/2025 22:53:54,1765580033497,-7,12/12/2025 15:53:53,250842,10,task-24zw,,51378430,6621a2f38453311275d17d65,14743096,,complete,,693df7ca0b7db9ca467c735e,computer,Desktop or Laptop,Windows 10,Edge 143.0.0.0,1536x864,1536x864,day1done,,,Sound check - speakers,17,,,audio-Success,,,C,,attention_pass,,day1done,eligible,soundCheck,soundCheck,2,1,1,Screen 1,audiofile,content_audio,8263.699999928474,,AUDIO STARTED,1,,,,,,,,volumeAdjustment,octopus
4,1765580036571,12/12/2025 22:53:56,1765580036366,-7,12/12/2025 15:53:56,250842,10,task-24zw,,51378430,6621a2f38453311275d17d65,14743096,,complete,,693df7ca0b7db9ca467c735e,computer,Desktop or Laptop,Windows 10,Edge 143.0.0.0,1536x864,1536x864,day1done,,,Sound check - speakers,17,,,audio-Success,,,C,,attention_pass,,day1done,eligible,soundCheck,soundCheck,2,1,1,Screen 1,audiofile,content_audio,11133.299999952316,,AUDIO STARTED,2,,,,,,,,volumeAdjustment,octopus
5,1765580041626,12/12/2025 22:54:01,1765580041410,-7,12/12/2025 15:54:01,250842,10,task-24zw,,51378430,6621a2f38453311275d17d65,14743096,,complete,,693df7ca0b7db9ca467c735e,computer,Desktop or Laptop,Windows 10,Edge 143.0.0.0,1536x864,1536x864,day1done,,,Sound check - speakers,17,,,audio-Success,,,C,,attention_pass,,day1done,eligible,soundCheck,soundCheck,2,1,1,Screen 1,audiofile,content_audio,16176.699999928474,,AUDIO STARTED,3,,,,,,,,volumeAdjustment,octopus
6,1765580044861,12/12/2025 22:54:04,1765580044676,-7,12/12/2025 15:54:04,250842,10,task-24zw,,51378430,6621a2f38453311275d17d65,14743096,,complete,,693df7ca0b7db9ca467c735e,computer,Desktop or Laptop,Windows 10,Edge 143.0.0.0,1536x864,1536x864,day1done,,,Sound check - speakers,17,,,audio-Success,,,C,,attention_pass,,day1done,eligible,soundCheck,soundCheck,2,1,1,Screen 1,typeword,response_text_entry,19437.600000023842,,Octopus,1,1,,,,,,,volumeAdjustment,octopus
7,1765580054124,12/12/2025 22:54:14,1765580053344,-7,12/12/2025 15:54:13,250842,10,task-24zw,,51378430,6621a2f38453311275d17d65,14743096,,complete,,693df7ca0b7db9ca467c735e,computer,Desktop or Laptop,Windows 10,Edge 143.0.0.0,1536x864,1536x864,day1done,,,Sound check - speakers,17,,,audio-Success,,,C,,attention_pass,,day1done,eligible,soundCheck,soundCheck,3,1,1,Screen 1,advancementZone,continue_button,8644.099999904633,,,0,,,,,,,,autoplay,chocolate
8,1765580064650,12/12/2025 22:54:24,1765580063855,-7,12/12/2025 15:54:23,250842,10,task-24zw,,51378430,6621a2f38453311275d17d65,14743096,,complete,,693df7ca0b7db9ca467c735e,computer,Desktop or Laptop,Windows 10,Edge 143.0.0.0,1536x864,1536x864,day1done,,,Sound check - speakers,17,,,audio-Success,,,C,,attention_pass,,day1done,eligible,soundCheck,soundCheck,3,1,2,Screen 2,Zone1,response_text_entry,10490.600000023842,,Chocolate,1,1,,,,,,,autoplay,chocolate
9,1765580064925,12/12/2025 22:54:24,1765580063863,-7,12/12/2025 15:54:23,250842,10,task-24zw,,51378430,6621a2f38453311275d17d65,14743096,,complete,,693df7ca0b7db9ca467c735e,computer,Desktop or Laptop,Windows 10,Edge 143.0.0.0,1536x864,1536x864,day1done,,,Sound check - speakers,17,,,audio-Success,,,C,,attention_pass,,day1done,eligible,soundCheck,,,END TASK,,,,,82486,,,,,,,,,,,,
1,1765580065777,12/12/2025 22:54:25,1765580064799,-6,12/12/2025 16:54:24,250842,10,task-24zw,,51378442,6645755c72f71662e832dfb8,14743101,,complete,,693c9d132166a776eb61ffd6,computer,Desktop or Laptop,Windows 10,Chrome 143.0.0.0,1280x720,1280x551,day1done,,,Sound check - speakers,17,,,audio-Success,,,B,attention_pass,,day1done,,eligible,soundCheck,,,BEGIN TASK,,,,,,,,,,,,,,,,,
2,1765580080518,12/12/2025 22:54:40,1765580079610,-6,12/12/2025 16:54:39,250842,10,task-24zw,,51378442,6645755c72f71662e832dfb8,14743101,,complete,,693c9d132166a776eb61ffd6,computer,Desktop or Laptop,Windows 10,Chrome 143.0.0.0,1280x720,1280x551,day1done,,,Sound check - speakers,17,,,audio-Success,,,B,attention_pass,,day1done,,eligible,soundCheck,soundCheck,1,1,1,Screen 1,advancementZone,continue_button,14707.699999988079,,,0,,,,,,,,soundCheckInstructions,
3,1765580087805,12/12/2025 22:54:47,1765580086891,-6,12/12/2025 16:54:46,250842,10,task-24zw,,51378442,6645755c72f71662e832dfb8,14743101,,complete,,693c9d132166a776eb61ffd6,computer,Desktop or Laptop,Windows 10,Chrome 143.0.0.0,1280x720,1280x551,day1done,,,Sound check - speakers,17,,,audio-Success,,,B,attention_pass,,day1done,,eligible,soundCheck,soundCheck,2,1,1,Screen 1,audiofile,content_audio,7249.899999976158,,AUDIO STARTED,1,,,,,,,,volumeAdjustment,octopus
4,1765580095563,12/12/2025 22:54:55,1765580094645,-6,12/12/2025 16:54:54,250842,10,task-24zw,,51378442,6645755c72f71662e832dfb8,14743101,,complete,,693c9d132166a776eb61ffd6,computer,Desktop or Laptop,Windows 10,Chrome 143.0.0.0,1280x720,1280x551,day1done,,,Sound check - speakers,17,,,audio-Success,,,B,attention_pass,,day1done,,eligible,soundCheck,soundCheck,2,1,1,Screen 1,typeword,response_text_entry,14999.099999964237,,octopus,1,1,,,,,,,volumeAdjustment,octopus
5,1765580105400,12/12/2025 22:55:05,1765580104508,-6,12/12/2025 16:55:04,250842,10,task-24zw,,51378442,6645755c72f71662e832dfb8,14743101,,complete,,693c9d132166a776eb61ffd6,computer,Desktop or Laptop,Windows 10,Chrome 143.0.0.0,1280x720,1280x551,day1done,,,Sound check - speakers,17,,,audio-Success,,,B,attention_pass,,day1done,,eligible,soundCheck,soundCheck,3,1,1,Screen 1,advancementZone,continue_button,9841,,,0,,,,,,,,autoplay,chocolate
6,1765580109084,12/12/2025 22:55:09,1765580108190,-6,12/12/2025 16:55:08,250842,10,task-24zw,,51378442,6645755c72f71662e832dfb8,14743101,,complete,,693c9d132166a776eb61ffd6,computer,Desktop or Laptop,Windows 10,Chrome 143.0.0.0,1280x720,1280x551,day1done,,,Sound check - speakers,17,,,audio-Success,,,B,attention_pass,,day1done,,eligible,soundCheck,soundCheck,3,1,2,Screen 2,Zone1,response_text_entry,3668.699999988079,,chocolate,1,1,,,,,,,autoplay,chocolate
7,1765580109266,12/12/2025 22:55:09,1765580108196,-6,12/12/2025 16:55:08,250842,10,task-24zw,,51378442,6645755c72f71662e832dfb8,14743101,,complete,,693c9d132166a776eb61ffd6,computer,Desktop or Laptop,Windows 10,Chrome 143.0.0.0,1280x720,1280x551,day1done,,,Sound check - speakers,17,,,audio-Success,,,B,attention_pass,,day1done,,eligible,soundCheck,,,END TASK,,,,,43397,,,,,,,,,,,,
1,1765580819179,12/12/2025 23:06:59,1765580819087,-5,12/12/2025 18:06:59,250842,10,task-24zw,,51378600,6644cd2538b07b2b6aaa4376,14743129,,complete,,693e0bffdcf0df30f3f57b8c,computer,Desktop or Laptop,Windows 10,Chrome 143.0.0.0,1360x768,1360x641,day1done,,,Sound check - speakers,17,day1done,attention_pass,audio-Success,,,A,,,,,eligible,soundCheck,,,BEGIN TASK,,,,,,,,,,,,,,,,,
2,1765580834537,12/12/2025 23:07:14,1765580834489,-5,12/12/2025 18:07:14,250842,10,task-24zw,,51378600,6644cd2538b07b2b6aaa4376,14743129,,complete,,693e0bffdcf0df30f3f57b8c,computer,Desktop or Laptop,Windows 10,Chrome 143.0.0.0,1360x768,1360x641,day1done,,,Sound check - speakers,17,day1done,attention_pass,audio-Success,,,A,,,,,eligible,soundCheck,soundCheck,1,1,1,Screen 1,advancementZone,continue_button,15324.700000017881,,,0,,,,,,,,soundCheckInstructions,
3,1765580836334,12/12/2025 23:07:16,1765580836279,-5,12/12/2025 18:07:16,250842,10,task-24zw,,51378600,6644cd2538b07b2b6aaa4376,14743129,,complete,,693e0bffdcf0df30f3f57b8c,computer,Desktop or Laptop,Windows 10,Chrome 143.0.0.0,1360x768,1360x641,day1done,,,Sound check - speakers,17,day1done,attention_pass,audio-Success,,,A,,,,,eligible,soundCheck,soundCheck,2,1,1,Screen 1,audiofile,content_audio,1760.699999988079,,AUDIO STARTED,1,,,,,,,,volumeAdjustment,octopus
4,1765580838988,12/12/2025 23:07:18,1765580838951,-5,12/12/2025 18:07:18,250842,10,task-24zw,,51378600,6644cd2538b07b2b6aaa4376,14743129,,complete,,693e0bffdcf0df30f3f57b8c,computer,Desktop or Laptop,Windows 10,Chrome 143.0.0.0,1360x768,1360x641,day1done,,,Sound check - speakers,17,day1done,attention_pass,audio-Success,,,A,,,,,eligible,soundCheck,soundCheck,2,1,1,Screen 1,audiofile,content_audio,4432.5999999940395,,AUDIO STARTED,2,,,,,,,,volumeAdjustment,octopus
5,1765580851676,12/12/2025 23:07:31,1765580851620,-5,12/12/2025 18:07:31,250842,10,task-24zw,,51378600,6644cd2538b07b2b6aaa4376,14743129,,complete,,693e0bffdcf0df30f3f57b8c,computer,Desktop or Laptop,Windows 10,Chrome 143.0.0.0,1360x768,1360x641,day1done,,,Sound check - speakers,17,day1done,attention_pass,audio-Success,,,A,,,,,eligible,soundCheck,soundCheck,2,1,1,Screen 1,typeword,response_text_entry,17099.19999998808,,octopus,1,1,,,,,,,volumeAdjustment,octopus
6,1765580862317,12/12/2025 23:07:42,1765580862253,-5,12/12/2025 18:07:42,250842,10,task-24zw,,51378600,6644cd2538b07b2b6aaa4376,14743129,,complete,,693e0bffdcf0df30f3f57b8c,computer,Desktop or Laptop,Windows 10,Chrome 143.0.0.0,1360x768,1360x641,day1done,,,Sound check - speakers,17,day1done,attention_pass,audio-Success,,,A,,,,,eligible,soundCheck,soundCheck,3,1,1,Screen 1,advancementZone,continue_button,10615.5,,,0,,,,,,,,autoplay,chocolate
7,1765580867501,12/12/2025 23:07:47,1765580867449,-5,12/12/2025 18:07:47,250842,10,task-24zw,,51378600,6644cd2538b07b2b6aaa4376,14743129,,complete,,693e0bffdcf0df30f3f57b8c,computer,Desktop or Laptop,Windows 10,Chrome 143.0.0.0,1360x768,1360x641,day1done,,,Sound check - speakers,17,day1done,attention_pass,audio-Success,,,A,,,,,eligible,soundCheck,soundCheck,3,1,2,Screen 2,Zone1,response_text_entry,5189.5999999940395,,chocolate,1,1,,,,,,,autoplay,chocolate
8,1765580867622,12/12/2025 23:07:47,1765580867453,-5,12/12/2025 18:07:47,250842,10,task-24zw,,51378600,6644cd2538b07b2b6aaa4376,14743129,,complete,,693e0bffdcf0df30f3f57b8c,computer,Desktop or Laptop,Windows 10,Chrome 143.0.0.0,1360x768,1360x641,day1done,,,Sound check - speakers,17,day1done,attention_pass,audio-Success,,,A,,,,,eligible,soundCheck,,,END TASK,,,,,48366,,,,,,,,,,,,
1,1765581115183,12/12/2025 23:11:55,1765581115130,-6,12/12/2025 17:11:55,250842,10,task-24zw,,51378674,66eb98fcc46d14f31c30e799,14743144,,complete,,693df911658c0377862c6fe4,computer,Desktop or Laptop,Windows 10,Chrome 143.0.0.0,1587x893,1588x732,day1done,,,Sound check - speakers,17,,,audio-Success,,,C,,attention_pass,,day1done,eligible,soundCheck,,,BEGIN TASK,,,,,,,,,,,,,,,,,
2,1765581128007,12/12/2025 23:12:08,1765581127997,-6,12/12/2025 17:12:07,250842,10,task-24zw,,51378674,66eb98fcc46d14f31c30e799,14743144,,complete,,693df911658c0377862c6fe4,computer,Desktop or Laptop,Windows 10,Chrome 143.0.0.0,1587x893,1588x732,day1done,,,Sound check - speakers,17,,,audio-Success,,,C,,attention_pass,,day1done,eligible,soundCheck,soundCheck,1,1,1,Screen 1,advancementZone,continue_button,12773,,,0,,,,,,,,soundCheckInstructions,
3,1765581131962,12/12/2025 23:12:11,1765581131967,-6,12/12/2025 17:12:11,250842,10,task-24zw,,51378674,66eb98fcc46d14f31c30e799,14743144,,complete,,693df911658c0377862c6fe4,computer,Desktop or Laptop,Windows 10,Chrome 143.0.0.0,1587x893,1588x732,day1done,,,Sound check - speakers,17,,,audio-Success,,,C,,attention_pass,,day1done,eligible,soundCheck,soundCheck,2,1,1,Screen 1,audiofile,content_audio,3934.7999999821186,,AUDIO STARTED,1,,,,,,,,volumeAdjustment,octopus
4,1765581153262,12/12/2025 23:12:33,1765581153259,-6,12/12/2025 17:12:33,250842,10,task-24zw,,51378674,66eb98fcc46d14f31c30e799,14743144,,complete,,693df911658c0377862c6fe4,computer,Desktop or Laptop,Windows 10,Chrome 143.0.0.0,1587x893,1588x732,day1done,,,Sound check - speakers,17,,,audio-Success,,,C,,attention_pass,,day1done,eligible,soundCheck,soundCheck,2,1,1,Screen 1,audiofile,content_audio,25227.90000000596,,AUDIO STARTED,2,,,,,,,,volumeAdjustment,octopus
5,1765581161199,12/12/2025 23:12:41,1765581161179,-6,12/12/2025 17:12:41,250842,10,task-24zw,,51378674,66eb98fcc46d14f31c30e799,14743144,,complete,,693df911658c0377862c6fe4,computer,Desktop or Laptop,Windows 10,Chrome 143.0.0.0,1587x893,1588x732,day1done,,,Sound check - speakers,17,,,audio-Success,,,C,,attention_pass,,day1done,eligible,soundCheck,soundCheck,2,1,1,Screen 1,audiofile,content_audio,33148,,AUDIO STARTED,3,,,,,,,,volumeAdjustment,octopus
6,1765581172165,12/12/2025 23:12:52,1765581172168,-6,12/12/2025 17:12:52,250842,10,task-24zw,,51378674,66eb98fcc46d14f31c30e799,14743144,,complete,,693df911658c0377862c6fe4,computer,Desktop or Laptop,Windows 10,Chrome 143.0.0.0,1587x893,1588x732,day1done,,,Sound check - speakers,17,,,audio-Success,,,C,,attention_pass,,day1done,eligible,soundCheck,soundCheck,2,1,1,Screen 1,audiofile,content_audio,44136.90000000596,,AUDIO STARTED,4,,,,,,,,volumeAdjustment,octopus
7,1765581204807,12/12/2025 23:13:24,1765581204813,-6,12/12/2025 17:13:24,250842,10,task-24zw,,51378674,66eb98fcc46d14f31c30e799,14743144,,complete,,693df911658c0377862c6fe4,computer,Desktop or Laptop,Windows 10,Chrome 143.0.0.0,1587x893,1588x732,day1done,,,Sound check - speakers,17,,,audio-Success,,,C,,attention_pass,,day1done,eligible,soundCheck,soundCheck,2,1,1,Screen 1,audiofile,content_audio,76781.40000000596,,AUDIO STARTED,5,,,,,,,,volumeAdjustment,octopus
8,1765581208675,12/12/2025 23:13:28,1765581208690,-6,12/12/2025 17:13:28,250842,10,task-24zw,,51378674,66eb98fcc46d14f31c30e799,14743144,,complete,,693df911658c0377862c6fe4,computer,Desktop or Laptop,Windows 10,Chrome 143.0.0.0,1587x893,1588x732,day1done,,,Sound check - speakers,17,,,audio-Success,,,C,,attention_pass,,day1done,eligible,soundCheck,soundCheck,2,1,1,Screen 1,typeword,response_text_entry,80656.40000000596,,octopus,1,1,,,,,,,volumeAdjustment,octopus
9,1765581220632,12/12/2025 23:13:40,1765581220639,-6,12/12/2025 17:13:40,250842,10,task-24zw,,51378674,66eb98fcc46d14f31c30e799,14743144,,complete,,693df911658c0377862c6fe4,computer,Desktop or Laptop,Windows 10,Chrome 143.0.0.0,1587x893,1588x732,day1done,,,Sound check - speakers,17,,,audio-Success,,,C,,attention_pass,,day1done,eligible,soundCheck,soundCheck,3,1,1,Screen 1,advancementZone,continue_button,11932.200000017881,,,0,,,,,,,,autoplay,chocolate
10,1765581226368,12/12/2025 23:13:46,1765581226369,-6,12/12/2025 17:13:46,250842,10,task-24zw,,51378674,66eb98fcc46d14f31c30e799,14743144,,complete,,693df911658c0377862c6fe4,computer,Desktop or Laptop,Windows 10,Chrome 143.0.0.0,1587x893,1588x732,day1done,,,Sound check - speakers,17,,,audio-Success,,,C,,attention_pass,,day1done,eligible,soundCheck,soundCheck,3,1,2,Screen 2,Zone1,response_text_entry,5713.699999988079,,chocolate,1,1,,,,,,,autoplay,chocolate
11,1765581226500,12/12/2025 23:13:46,1765581226373,-6,12/12/2025 17:13:46,250842,10,task-24zw,,51378674,66eb98fcc46d14f31c30e799,14743144,,complete,,693df911658c0377862c6fe4,computer,Desktop or Laptop,Windows 10,Chrome 143.0.0.0,1587x893,1588x732,day1done,,,Sound check - speakers,17,,,audio-Success,,,C,,attention_pass,,day1done,eligible,soundCheck,,,END TASK,,,,,111243,,,,,,,,,,,,
1,1765581322945,12/12/2025 23:15:22,1765581321534,-5,12/12/2025 18:15:21,250842,10,task-24zw,,51378715,58a1fe40ea3d11000170d9b9,14743152,,complete,,693e233d65809c0b4a0d6be1,computer,Desktop or Laptop,Windows 10,Chrome 143.0.0.0,1920x1200,1920x1077,day1done,,,Sound check - speakers,17,,,audio-Success,,,B,attention_pass,,day1done,,eligible,soundCheck,,,BEGIN TASK,,,,,,,,,,,,,,,,,
2,1765581325849,12/12/2025 23:15:25,1765581324459,-5,12/12/2025 18:15:24,250842,10,task-24zw,,51378715,58a1fe40ea3d11000170d9b9,14743152,,complete,,693e233d65809c0b4a0d6be1,computer,Desktop or Laptop,Windows 10,Chrome 143.0.0.0,1920x1200,1920x1077,day1done,,,Sound check - speakers,17,,,audio-Success,,,B,attention_pass,,day1done,,eligible,soundCheck,soundCheck,1,1,1,Screen 1,advancementZone,continue_button,2891.1999999997206,,,0,,,,,,,,soundCheckInstructions,
3,1765581330960,12/12/2025 23:15:30,1765581329588,-5,12/12/2025 18:15:29,250842,10,task-24zw,,51378715,58a1fe40ea3d11000170d9b9,14743152,,complete,,693e233d65809c0b4a0d6be1,computer,Desktop or Laptop,Windows 10,Chrome 143.0.0.0,1920x1200,1920x1077,day1done,,,Sound check - speakers,17,,,audio-Success,,,B,attention_pass,,day1done,,eligible,soundCheck,soundCheck,2,1,1,Screen 1,audiofile,content_audio,5116.700000000186,,AUDIO STARTED,1,,,,,,,,volumeAdjustment,octopus
4,1765581335027,12/12/2025 23:15:35,1765581333638,-5,12/12/2025 18:15:33,250842,10,task-24zw,,51378715,58a1fe40ea3d11000170d9b9,14743152,,complete,,693e233d65809c0b4a0d6be1,computer,Desktop or Laptop,Windows 10,Chrome 143.0.0.0,1920x1200,1920x1077,day1done,,,Sound check - speakers,17,,,audio-Success,,,B,attention_pass,,day1done,,eligible,soundCheck,soundCheck,2,1,1,Screen 1,typeword,response_text_entry,9165,,octopus,1,1,,,,,,,volumeAdjustment,octopus
5,1765581337987,12/12/2025 23:15:37,1765581336604,-5,12/12/2025 18:15:36,250842,10,task-24zw,,51378715,58a1fe40ea3d11000170d9b9,14743152,,complete,,693e233d65809c0b4a0d6be1,computer,Desktop or Laptop,Windows 10,Chrome 143.0.0.0,1920x1200,1920x1077,day1done,,,Sound check - speakers,17,,,audio-Success,,,B,attention_pass,,day1done,,eligible,soundCheck,soundCheck,3,1,1,Screen 1,advancementZone,continue_button,2959.2999999998137,,,0,,,,,,,,autoplay,chocolate
6,1765581340441,12/12/2025 23:15:40,1765581339089,-5,12/12/2025 18:15:39,250842,10,task-24zw,,51378715,58a1fe40ea3d11000170d9b9,14743152,,complete,,693e233d65809c0b4a0d6be1,computer,Desktop or Laptop,Windows 10,Chrome 143.0.0.0,1920x1200,1920x1077,day1done,,,Sound check - speakers,17,,,audio-Success,,,B,attention_pass,,day1done,,eligible,soundCheck,soundCheck,3,1,2,Screen 2,Zone1,response_text_entry,2475.899999999907,,chocolate,1,1,,,,,,,autoplay,chocolate
7,1765581340587,12/12/2025 23:15:40,1765581339095,-5,12/12/2025 18:15:39,250842,10,task-24zw,,51378715,58a1fe40ea3d11000170d9b9,14743152,,complete,,693e233d65809c0b4a0d6be1,computer,Desktop or Laptop,Windows 10,Chrome 143.0.0.0,1920x1200,1920x1077,day1done,,,Sound check - speakers,17,,,audio-Success,,,B,attention_pass,,day1done,,eligible,soundCheck,,,END TASK,,,,,17561,,,,,,,,,,,,
1,1765581966573,12/12/2025 23:26:06,1765581967041,-5,12/12/2025 18:26:07,250842,10,task-24zw,,51378853,60fda57e0916dfe2157c9b00,14743172,,complete,,693ca4739a4ba907fe586d16,computer,Desktop or Laptop,Windows 10,Edge 143.0.0.0,2560x1440,2552x1320,day1done,,,Sound check - speakers,17,day1done,attention_pass,audio-Success,,,A,,,,,eligible,soundCheck,,,BEGIN TASK,,,,,,,,,,,,,,,,,
2,1765581968650,12/12/2025 23:26:08,1765581969141,-5,12/12/2025 18:26:09,250842,10,task-24zw,,51378853,60fda57e0916dfe2157c9b00,14743172,,complete,,693ca4739a4ba907fe586d16,computer,Desktop or Laptop,Windows 10,Edge 143.0.0.0,2560x1440,2552x1320,day1done,,,Sound check - speakers,17,day1done,attention_pass,audio-Success,,,A,,,,,eligible,soundCheck,soundCheck,1,1,1,Screen 1,advancementZone,continue_button,2085.2999999821186,,,0,,,,,,,,soundCheckInstructions,
3,1765581971172,12/12/2025 23:26:11,1765581971651,-5,12/12/2025 18:26:11,250842,10,task-24zw,,51378853,60fda57e0916dfe2157c9b00,14743172,,complete,,693ca4739a4ba907fe586d16,computer,Desktop or Laptop,Windows 10,Edge 143.0.0.0,2560x1440,2552x1320,day1done,,,Sound check - speakers,17,day1done,attention_pass,audio-Success,,,A,,,,,eligible,soundCheck,soundCheck,2,1,1,Screen 1,audiofile,content_audio,2504.0999999940395,,AUDIO STARTED,1,,,,,,,,volumeAdjustment,octopus
4,1765581981105,12/12/2025 23:26:21,1765581981590,-5,12/12/2025 18:26:21,250842,10,task-24zw,,51378853,60fda57e0916dfe2157c9b00,14743172,,complete,,693ca4739a4ba907fe586d16,computer,Desktop or Laptop,Windows 10,Edge 143.0.0.0,2560x1440,2552x1320,day1done,,,Sound check - speakers,17,day1done,attention_pass,audio-Success,,,A,,,,,eligible,soundCheck,soundCheck,2,1,1,Screen 1,typeword,response_text_entry,12442.09999999404,,octopus,1,1,,,,,,,volumeAdjustment,octopus
5,1765581985655,12/12/2025 23:26:25,1765581986170,-5,12/12/2025 18:26:26,250842,10,task-24zw,,51378853,60fda57e0916dfe2157c9b00,14743172,,complete,,693ca4739a4ba907fe586d16,computer,Desktop or Laptop,Windows 10,Edge 143.0.0.0,2560x1440,2552x1320,day1done,,,Sound check - speakers,17,day1done,attention_pass,audio-Success,,,A,,,,,eligible,soundCheck,soundCheck,3,1,1,Screen 1,advancementZone,continue_button,4577.5,,,0,,,,,,,,autoplay,chocolate
6,1765581990682,12/12/2025 23:26:30,1765581991187,-5,12/12/2025 18:26:31,250842,10,task-24zw,,51378853,60fda57e0916dfe2157c9b00,14743172,,complete,,693ca4739a4ba907fe586d16,computer,Desktop or Laptop,Windows 10,Edge 143.0.0.0,2560x1440,2552x1320,day1done,,,Sound check - speakers,17,day1done,attention_pass,audio-Success,,,A,,,,,eligible,soundCheck,soundCheck,3,1,2,Screen 2,Zone1,response_text_entry,5013.300000011921,,chocolate,1,1,,,,,,,autoplay,chocolate
7,1765581990865,12/12/2025 23:26:30,1765581991188,-5,12/12/2025 18:26:31,250842,10,task-24zw,,51378853,60fda57e0916dfe2157c9b00,14743172,,complete,,693ca4739a4ba907fe586d16,computer,Desktop or Laptop,Windows 10,Edge 143.0.0.0,2560x1440,2552x1320,day1done,,,Sound check - speakers,17,day1done,attention_pass,audio-Success,,,A,,,,,eligible,soundCheck,,,END TASK,,,,,24147,,,,,,,,,,,,
1,1765582140076,12/12/2025 23:29:00,1765582139921,-6,12/12/2025 17:28:59,250842,10,task-24zw,,51378874,6917346c854863a0b4e98872,14743176,,complete,,693ca528b55d6a5375917639,computer,Desktop or Laptop,Mac OS 10.15.7,Chrome 142.0.0.0,1512x982,1512x827,day1done,,,Sound check - speakers,17,,,audio-Success,,,B,attention_pass,,day1done,,eligible,soundCheck,,,BEGIN TASK,,,,,,,,,,,,,,,,,
2,1765582234712,12/12/2025 23:30:34,1765582234581,-6,12/12/2025 17:30:34,250842,10,task-24zw,,51378874,6917346c854863a0b4e98872,14743176,,complete,,693ca528b55d6a5375917639,computer,Desktop or Laptop,Mac OS 10.15.7,Chrome 142.0.0.0,1512x982,1512x827,day1done,,,Sound check - speakers,17,,,audio-Success,,,B,attention_pass,,day1done,,eligible,soundCheck,soundCheck,1,1,1,Screen 1,advancementZone,continue_button,94639.39999997616,,,0,,,,,,,,soundCheckInstructions,
3,1765582236393,12/12/2025 23:30:36,1765582236268,-6,12/12/2025 17:30:36,250842,10,task-24zw,,51378874,6917346c854863a0b4e98872,14743176,,complete,,693ca528b55d6a5375917639,computer,Desktop or Laptop,Mac OS 10.15.7,Chrome 142.0.0.0,1512x982,1512x827,day1done,,,Sound check - speakers,17,,,audio-Success,,,B,attention_pass,,day1done,,eligible,soundCheck,soundCheck,2,1,1,Screen 1,audiofile,content_audio,1673.7999999523163,,AUDIO STARTED,1,,,,,,,,volumeAdjustment,octopus
4,1765582238629,12/12/2025 23:30:38,1765582238518,-6,12/12/2025 17:30:38,250842,10,task-24zw,,51378874,6917346c854863a0b4e98872,14743176,,complete,,693ca528b55d6a5375917639,computer,Desktop or Laptop,Mac OS 10.15.7,Chrome 142.0.0.0,1512x982,1512x827,day1done,,,Sound check - speakers,17,,,audio-Success,,,B,attention_pass,,day1done,,eligible,soundCheck,soundCheck,2,1,1,Screen 1,audiofile,content_audio,3923.5,,AUDIO STARTED,2,,,,,,,,volumeAdjustment,octopus
5,1765582246972,12/12/2025 23:30:46,1765582246860,-6,12/12/2025 17:30:46,250842,10,task-24zw,,51378874,6917346c854863a0b4e98872,14743176,,complete,,693ca528b55d6a5375917639,computer,Desktop or Laptop,Mac OS 10.15.7,Chrome 142.0.0.0,1512x982,1512x827,day1done,,,Sound check - speakers,17,,,audio-Success,,,B,attention_pass,,day1done,,eligible,soundCheck,soundCheck,2,1,1,Screen 1,typeword,response_text_entry,12263,,Octopus,1,1,,,,,,,volumeAdjustment,octopus
6,1765582252649,12/12/2025 23:30:52,1765582252529,-6,12/12/2025 17:30:52,250842,10,task-24zw,,51378874,6917346c854863a0b4e98872,14743176,,complete,,693ca528b55d6a5375917639,computer,Desktop or Laptop,Mac OS 10.15.7,Chrome 142.0.0.0,1512x982,1512x827,day1done,,,Sound check - speakers,17,,,audio-Success,,,B,attention_pass,,day1done,,eligible,soundCheck,soundCheck,3,1,1,Screen 1,advancementZone,continue_button,5663.600000023842,,,0,,,,,,,,autoplay,chocolate
7,1765582260443,12/12/2025 23:31:00,1765582260322,-6,12/12/2025 17:31:00,250842,10,task-24zw,,51378874,6917346c854863a0b4e98872,14743176,,complete,,693ca528b55d6a5375917639,computer,Desktop or Laptop,Mac OS 10.15.7,Chrome 142.0.0.0,1512x982,1512x827,day1done,,,Sound check - speakers,17,,,audio-Success,,,B,attention_pass,,day1done,,eligible,soundCheck,soundCheck,3,1,2,Screen 2,Zone1,response_text_entry,7784.600000023842,,Chocolate,1,1,,,,,,,autoplay,chocolate
8,1765582260589,12/12/2025 23:31:00,1765582260325,-6,12/12/2025 17:31:00,250842,10,task-24zw,,51378874,6917346c854863a0b4e98872,14743176,,complete,,693ca528b55d6a5375917639,computer,Desktop or Laptop,Mac OS 10.15.7,Chrome 142.0.0.0,1512x982,1512x827,day1done,,,Sound check - speakers,17,,,audio-Success,,,B,attention_pass,,day1done,,eligible,soundCheck,,,END TASK,,,,,120404,,,,,,,,,,,,
1,1765583723996,12/12/2025 23:55:23,1765583720818,-8,12/12/2025 15:55:20,250842,10,task-24zw,,51379049,676d967fdcb045c99d113508,14743234,,complete,,693cab5bcc8b752fd12efdb0,computer,Desktop or Laptop,Mac OS 10.15.7,Safari 18.1.1,1512x982,1324x714,day1done,,,Sound check - speakers,17,day1done,attention_pass,audio-Success,,,A,,,,,eligible,soundCheck,,,BEGIN TASK,,,,,,,,,,,,,,,,,
2,1765583735375,12/12/2025 23:55:35,1765583732225,-8,12/12/2025 15:55:32,250842,10,task-24zw,,51379049,676d967fdcb045c99d113508,14743234,,complete,,693cab5bcc8b752fd12efdb0,computer,Desktop or Laptop,Mac OS 10.15.7,Safari 18.1.1,1512x982,1324x714,day1done,,,Sound check - speakers,17,day1done,attention_pass,audio-Success,,,A,,,,,eligible,soundCheck,soundCheck,1,1,1,Screen 1,advancementZone,continue_button,11363,,,0,,,,,,,,soundCheckInstructions,
3,1765583742759,12/12/2025 23:55:42,1765583739638,-8,12/12/2025 15:55:39,250842,10,task-24zw,,51379049,676d967fdcb045c99d113508,14743234,,complete,,693cab5bcc8b752fd12efdb0,computer,Desktop or Laptop,Mac OS 10.15.7,Safari 18.1.1,1512x982,1324x714,day1done,,,Sound check - speakers,17,day1done,attention_pass,audio-Success,,,A,,,,,eligible,soundCheck,soundCheck,2,1,1,Screen 1,audiofile,content_audio,7402,,AUDIO STARTED,1,,,,,,,,volumeAdjustment,octopus
4,1765583745877,12/12/2025 23:55:45,1765583742733,-8,12/12/2025 15:55:42,250842,10,task-24zw,,51379049,676d967fdcb045c99d113508,14743234,,complete,,693cab5bcc8b752fd12efdb0,computer,Desktop or Laptop,Mac OS 10.15.7,Safari 18.1.1,1512x982,1324x714,day1done,,,Sound check - speakers,17,day1done,attention_pass,audio-Success,,,A,,,,,eligible,soundCheck,soundCheck,2,1,1,Screen 1,audiofile,content_audio,10497,,AUDIO STARTED,2,,,,,,,,volumeAdjustment,octopus
5,1765583747097,12/12/2025 23:55:47,1765583743965,-8,12/12/2025 15:55:43,250842,10,task-24zw,,51379049,676d967fdcb045c99d113508,14743234,,complete,,693cab5bcc8b752fd12efdb0,computer,Desktop or Laptop,Mac OS 10.15.7,Safari 18.1.1,1512x982,1324x714,day1done,,,Sound check - speakers,17,day1done,attention_pass,audio-Success,,,A,,,,,eligible,soundCheck,soundCheck,2,1,1,Screen 1,audiofile,content_audio,11729,,AUDIO STARTED,3,,,,,,,,volumeAdjustment,octopus
6,1765583753475,12/12/2025 23:55:53,1765583750340,-8,12/12/2025 15:55:50,250842,10,task-24zw,,51379049,676d967fdcb045c99d113508,14743234,,complete,,693cab5bcc8b752fd12efdb0,computer,Desktop or Laptop,Mac OS 10.15.7,Safari 18.1.1,1512x982,1324x714,day1done,,,Sound check - speakers,17,day1done,attention_pass,audio-Success,,,A,,,,,eligible,soundCheck,soundCheck,2,1,1,Screen 1,typeword,response_text_entry,18103,,Octopus,1,1,,,,,,,volumeAdjustment,octopus
7,1765583764005,12/12/2025 23:56:04,1765583760883,-8,12/12/2025 15:56:00,250842,10,task-24zw,,51379049,676d967fdcb045c99d113508,14743234,,complete,,693cab5bcc8b752fd12efdb0,computer,Desktop or Laptop,Mac OS 10.15.7,Safari 18.1.1,1512x982,1324x714,day1done,,,Sound check - speakers,17,day1done,attention_pass,audio-Success,,,A,,,,,eligible,soundCheck,soundCheck,3,1,1,Screen 1,advancementZone,continue_button,10535,,,0,,,,,,,,autoplay,chocolate
8,1765583770237,12/12/2025 23:56:10,1765583767112,-8,12/12/2025 15:56:07,250842,10,task-24zw,,51379049,676d967fdcb045c99d113508,14743234,,complete,,693cab5bcc8b752fd12efdb0,computer,Desktop or Laptop,Mac OS 10.15.7,Safari 18.1.1,1512x982,1324x714,day1done,,,Sound check - speakers,17,day1done,attention_pass,audio-Success,,,A,,,,,eligible,soundCheck,soundCheck,3,1,2,Screen 2,Zone1,response_text_entry,6223,,chocolate,1,1,,,,,,,autoplay,chocolate
9,1765583770413,12/12/2025 23:56:10,1765583767115,-8,12/12/2025 15:56:07,250842,10,task-24zw,,51379049,676d967fdcb045c99d113508,14743234,,complete,,693cab5bcc8b752fd12efdb0,computer,Desktop or Laptop,Mac OS 10.15.7,Safari 18.1.1,1512x982,1324x714,day1done,,,Sound check - speakers,17,day1done,attention_pass,audio-Success,,,A,,,,,eligible,soundCheck,,,END TASK,,,,,46297,,,,,,,,,,,,
1,1765584092915,13/12/2025 00:01:32,1765584094082,-5,12/12/2025 19:01:34,250842,10,task-24zw,,51379092,676c45d92368330a2c254895,14743243,,complete,,693e444fa634b66245dfc0a7,computer,Desktop or Laptop,Windows 10,Chrome 143.0.0.0,1280x720,1280x551,day1done,,,Sound check - speakers,17,day1done,attention_pass,audio-Success,,,A,,,,,eligible,soundCheck,,,BEGIN TASK,,,,,,,,,,,,,,,,,
2,1765584108750,13/12/2025 00:01:48,1765584109957,-5,12/12/2025 19:01:49,250842,10,task-24zw,,51379092,676c45d92368330a2c254895,14743243,,complete,,693e444fa634b66245dfc0a7,computer,Desktop or Laptop,Windows 10,Chrome 143.0.0.0,1280x720,1280x551,day1done,,,Sound check - speakers,17,day1done,attention_pass,audio-Success,,,A,,,,,eligible,soundCheck,soundCheck,1,1,1,Screen 1,advancementZone,continue_button,15691.400000000373,,,0,,,,,,,,soundCheckInstructions,
3,1765584110130,13/12/2025 00:01:50,1765584111350,-5,12/12/2025 19:01:51,250842,10,task-24zw,,51379092,676c45d92368330a2c254895,14743243,,complete,,693e444fa634b66245dfc0a7,computer,Desktop or Laptop,Windows 10,Chrome 143.0.0.0,1280x720,1280x551,day1done,,,Sound check - speakers,17,day1done,attention_pass,audio-Success,,,A,,,,,eligible,soundCheck,soundCheck,2,1,1,Screen 1,audiofile,content_audio,1356.2000000001863,,AUDIO STARTED,1,,,,,,,,volumeAdjustment,octopus
4,1765584117259,13/12/2025 00:01:57,1765584118492,-5,12/12/2025 19:01:58,250842,10,task-24zw,,51379092,676c45d92368330a2c254895,14743243,,complete,,693e444fa634b66245dfc0a7,computer,Desktop or Laptop,Windows 10,Chrome 143.0.0.0,1280x720,1280x551,day1done,,,Sound check - speakers,17,day1done,attention_pass,audio-Success,,,A,,,,,eligible,soundCheck,soundCheck,2,1,1,Screen 1,audiofile,content_audio,8497.900000000373,,AUDIO STARTED,2,,,,,,,,volumeAdjustment,octopus
5,1765584129365,13/12/2025 00:02:09,1765584130572,-5,12/12/2025 19:02:10,250842,10,task-24zw,,51379092,676c45d92368330a2c254895,14743243,,complete,,693e444fa634b66245dfc0a7,computer,Desktop or Laptop,Windows 10,Chrome 143.0.0.0,1280x720,1280x551,day1done,,,Sound check - speakers,17,day1done,attention_pass,audio-Success,,,A,,,,,eligible,soundCheck,soundCheck,2,1,1,Screen 1,typeword,response_text_entry,20573.900000000373,,octopus,1,1,,,,,,,volumeAdjustment,octopus
6,1765584144390,13/12/2025 00:02:24,1765584145620,-5,12/12/2025 19:02:25,250842,10,task-24zw,,51379092,676c45d92368330a2c254895,14743243,,complete,,693e444fa634b66245dfc0a7,computer,Desktop or Laptop,Windows 10,Chrome 143.0.0.0,1280x720,1280x551,day1done,,,Sound check - speakers,17,day1done,attention_pass,audio-Success,,,A,,,,,eligible,soundCheck,soundCheck,3,1,1,Screen 1,advancementZone,continue_button,15003.700000000186,,,0,,,,,,,,autoplay,chocolate
7,1765584154691,13/12/2025 00:02:34,1765584155916,-5,12/12/2025 19:02:35,250842,10,task-24zw,,51379092,676c45d92368330a2c254895,14743243,,complete,,693e444fa634b66245dfc0a7,computer,Desktop or Laptop,Windows 10,Chrome 143.0.0.0,1280x720,1280x551,day1done,,,Sound check - speakers,17,day1done,attention_pass,audio-Success,,,A,,,,,eligible,soundCheck,soundCheck,3,1,2,Screen 2,Zone1,response_text_entry,10283.900000000373,,chocolate,1,1,,,,,,,autoplay,chocolate
8,1765584154831,13/12/2025 00:02:34,1765584155924,-5,12/12/2025 19:02:35,250842,10,task-24zw,,51379092,676c45d92368330a2c254895,14743243,,complete,,693e444fa634b66245dfc0a7,computer,Desktop or Laptop,Windows 10,Chrome 143.0.0.0,1280x720,1280x551,day1done,,,Sound check - speakers,17,day1done,attention_pass,audio-Success,,,A,,,,,eligible,soundCheck,,,END TASK,,,,,61841,,,,,,,,,,,,
1,1765584750381,13/12/2025 00:12:30,1765584750184,-5,12/12/2025 19:12:30,250842,10,task-24zw,,51379178,670420d4f05d7af4f85651e4,14743257,,complete,,693caf625f0c8949d9f1162b,computer,Desktop or Laptop,Mac OS 10.15.7,Chrome 142.0.0.0,1728x1117,1728x873,day1done,,,Sound check - speakers,17,,,audio-Success,,,B,attention_pass,,day1done,,eligible,soundCheck,,,BEGIN TASK,,,,,,,,,,,,,,,,,
2,1765584756836,13/12/2025 00:12:36,1765584756665,-5,12/12/2025 19:12:36,250842,10,task-24zw,,51379178,670420d4f05d7af4f85651e4,14743257,,complete,,693caf625f0c8949d9f1162b,computer,Desktop or Laptop,Mac OS 10.15.7,Chrome 142.0.0.0,1728x1117,1728x873,day1done,,,Sound check - speakers,17,,,audio-Success,,,B,attention_pass,,day1done,,eligible,soundCheck,soundCheck,1,1,1,Screen 1,advancementZone,continue_button,6453.100000023842,,,0,,,,,,,,soundCheckInstructions,
3,1765584763308,13/12/2025 00:12:43,1765584763154,-5,12/12/2025 19:12:43,250842,10,task-24zw,,51379178,670420d4f05d7af4f85651e4,14743257,,complete,,693caf625f0c8949d9f1162b,computer,Desktop or Laptop,Mac OS 10.15.7,Chrome 142.0.0.0,1728x1117,1728x873,day1done,,,Sound check - speakers,17,,,audio-Success,,,B,attention_pass,,day1done,,eligible,soundCheck,soundCheck,2,1,1,Screen 1,audiofile,content_audio,6480.600000023842,,AUDIO STARTED,1,,,,,,,,volumeAdjustment,octopus
4,1765584768972,13/12/2025 00:12:48,1765584768809,-5,12/12/2025 19:12:48,250842,10,task-24zw,,51379178,670420d4f05d7af4f85651e4,14743257,,complete,,693caf625f0c8949d9f1162b,computer,Desktop or Laptop,Mac OS 10.15.7,Chrome 142.0.0.0,1728x1117,1728x873,day1done,,,Sound check - speakers,17,,,audio-Success,,,B,attention_pass,,day1done,,eligible,soundCheck,soundCheck,2,1,1,Screen 1,audiofile,content_audio,12135.900000035763,,AUDIO STARTED,2,,,,,,,,volumeAdjustment,octopus
5,1765584770930,13/12/2025 00:12:50,1765584770778,-5,12/12/2025 19:12:50,250842,10,task-24zw,,51379178,670420d4f05d7af4f85651e4,14743257,,complete,,693caf625f0c8949d9f1162b,computer,Desktop or Laptop,Mac OS 10.15.7,Chrome 142.0.0.0,1728x1117,1728x873,day1done,,,Sound check - speakers,17,,,audio-Success,,,B,attention_pass,,day1done,,eligible,soundCheck,soundCheck,2,1,1,Screen 1,audiofile,content_audio,14104.300000011921,,AUDIO STARTED,3,,,,,,,,volumeAdjustment,octopus
6,1765584778288,13/12/2025 00:12:58,1765584778133,-5,12/12/2025 19:12:58,250842,10,task-24zw,,51379178,670420d4f05d7af4f85651e4,14743257,,complete,,693caf625f0c8949d9f1162b,computer,Desktop or Laptop,Mac OS 10.15.7,Chrome 142.0.0.0,1728x1117,1728x873,day1done,,,Sound check - speakers,17,,,audio-Success,,,B,attention_pass,,day1done,,eligible,soundCheck,soundCheck,2,1,1,Screen 1,typeword,response_text_entry,21456.900000035763,,Octopus ,1,1,,,,,,,volumeAdjustment,octopus
7,1765584787813,13/12/2025 00:13:07,1765584787652,-5,12/12/2025 19:13:07,250842,10,task-24zw,,51379178,670420d4f05d7af4f85651e4,14743257,,complete,,693caf625f0c8949d9f1162b,computer,Desktop or Laptop,Mac OS 10.15.7,Chrome 142.0.0.0,1728x1117,1728x873,day1done,,,Sound check - speakers,17,,,audio-Success,,,B,attention_pass,,day1done,,eligible,soundCheck,soundCheck,3,1,1,Screen 1,advancementZone,continue_button,9512.399999976158,,,0,,,,,,,,autoplay,chocolate
8,1765584822283,13/12/2025 00:13:42,1765584822140,-5,12/12/2025 19:13:42,250842,10,task-24zw,,51379178,670420d4f05d7af4f85651e4,14743257,,complete,,693caf625f0c8949d9f1162b,computer,Desktop or Laptop,Mac OS 10.15.7,Chrome 142.0.0.0,1728x1117,1728x873,day1done,,,Sound check - speakers,17,,,audio-Success,,,B,attention_pass,,day1done,,eligible,soundCheck,soundCheck,3,1,2,Screen 2,Zone1,response_text_entry,34479.89999997616,,Chocolate ,1,1,,,,,,,autoplay,chocolate
9,1765584822559,13/12/2025 00:13:42,1765584822143,-5,12/12/2025 19:13:42,250842,10,task-24zw,,51379178,670420d4f05d7af4f85651e4,14743257,,complete,,693caf625f0c8949d9f1162b,computer,Desktop or Laptop,Mac OS 10.15.7,Chrome 142.0.0.0,1728x1117,1728x873,day1done,,,Sound check - speakers,17,,,audio-Success,,,B,attention_pass,,day1done,,eligible,soundCheck,,,END TASK,,,,,71959,,,,,,,,,,,,
1,1765586420294,13/12/2025 00:40:20,1765586415180,-6,12/12/2025 18:40:15,250842,10,task-24zw,,51379338,5c04872c55614800012b7cf0,14743307,,complete,,693e011c7fd83d3b551ec6fb,computer,Desktop or Laptop,Windows 10,Chrome 143.0.0.0,1920x1080,1920x953,day1done,,,Sound check - speakers,17,,,audio-Success,,,C,,attention_pass,,day1done,eligible,soundCheck,,,BEGIN TASK,,,,,,,,,,,,,,,,,
2,1765586578301,13/12/2025 00:42:58,1765586573242,-6,12/12/2025 18:42:53,250842,10,task-24zw,,51379338,5c04872c55614800012b7cf0,14743307,,complete,,693e011c7fd83d3b551ec6fb,computer,Desktop or Laptop,Windows 10,Chrome 143.0.0.0,1920x1080,1920x953,day1done,,,Sound check - speakers,17,,,audio-Success,,,C,,attention_pass,,day1done,eligible,soundCheck,soundCheck,1,1,1,Screen 1,advancementZone,continue_button,157961.69999980927,,,0,,,,,,,,soundCheckInstructions,
3,1765586580049,13/12/2025 00:43:00,1765586574987,-6,12/12/2025 18:42:54,250842,10,task-24zw,,51379338,5c04872c55614800012b7cf0,14743307,,complete,,693e011c7fd83d3b551ec6fb,computer,Desktop or Laptop,Windows 10,Chrome 143.0.0.0,1920x1080,1920x953,day1done,,,Sound check - speakers,17,,,audio-Success,,,C,,attention_pass,,day1done,eligible,soundCheck,soundCheck,2,1,1,Screen 1,audiofile,content_audio,1732.7000000476837,,AUDIO STARTED,1,,,,,,,,volumeAdjustment,octopus
4,1765586583750,13/12/2025 00:43:03,1765586578697,-6,12/12/2025 18:42:58,250842,10,task-24zw,,51379338,5c04872c55614800012b7cf0,14743307,,complete,,693e011c7fd83d3b551ec6fb,computer,Desktop or Laptop,Windows 10,Chrome 143.0.0.0,1920x1080,1920x953,day1done,,,Sound check - speakers,17,,,audio-Success,,,C,,attention_pass,,day1done,eligible,soundCheck,soundCheck,2,1,1,Screen 1,audiofile,content_audio,5442.5,,AUDIO STARTED,2,,,,,,,,volumeAdjustment,octopus
5,1765586588886,13/12/2025 00:43:08,1765586583816,-6,12/12/2025 18:43:03,250842,10,task-24zw,,51379338,5c04872c55614800012b7cf0,14743307,,complete,,693e011c7fd83d3b551ec6fb,computer,Desktop or Laptop,Windows 10,Chrome 143.0.0.0,1920x1080,1920x953,day1done,,,Sound check - speakers,17,,,audio-Success,,,C,,attention_pass,,day1done,eligible,soundCheck,soundCheck,2,1,1,Screen 1,typeword,response_text_entry,10557.700000047684,,octopus,1,1,,,,,,,volumeAdjustment,octopus
6,1765586594485,13/12/2025 00:43:14,1765586589429,-6,12/12/2025 18:43:09,250842,10,task-24zw,,51379338,5c04872c55614800012b7cf0,14743307,,complete,,693e011c7fd83d3b551ec6fb,computer,Desktop or Laptop,Windows 10,Chrome 143.0.0.0,1920x1080,1920x953,day1done,,,Sound check - speakers,17,,,audio-Success,,,C,,attention_pass,,day1done,eligible,soundCheck,soundCheck,3,1,1,Screen 1,advancementZone,continue_button,5599.400000095367,,,0,,,,,,,,autoplay,chocolate
7,1765586602769,13/12/2025 00:43:22,1765586597717,-6,12/12/2025 18:43:17,250842,10,task-24zw,,51379338,5c04872c55614800012b7cf0,14743307,,complete,,693e011c7fd83d3b551ec6fb,computer,Desktop or Laptop,Windows 10,Chrome 143.0.0.0,1920x1080,1920x953,day1done,,,Sound check - speakers,17,,,audio-Success,,,C,,attention_pass,,day1done,eligible,soundCheck,soundCheck,3,1,2,Screen 2,Zone1,response_text_entry,8281.099999904633,,chocolate,1,1,,,,,,,autoplay,chocolate
8,1765586602897,13/12/2025 00:43:22,1765586597721,-6,12/12/2025 18:43:17,250842,10,task-24zw,,51379338,5c04872c55614800012b7cf0,14743307,,complete,,693e011c7fd83d3b551ec6fb,computer,Desktop or Laptop,Windows 10,Chrome 143.0.0.0,1920x1080,1920x953,day1done,,,Sound check - speakers,17,,,audio-Success,,,C,,attention_pass,,day1done,eligible,soundCheck,,,END TASK,,,,,182541,,,,,,,,,,,,
1,1765585483052,13/12/2025 00:24:43,1765585484068,-8,12/12/2025 16:24:44,250842,10,task-24zw,,51379258,676fa93a6e1840db7ea43423,14743287,,complete,,693cb236e64beb9815676505,computer,Desktop or Laptop,Windows 10,Chrome 143.0.0.0,1920x1080,1920x957,day1done,,,Sound check - speakers,17,,,audioFail,audio-Success,,B,attention_pass,,day1done,,eligible,soundCheck,,,BEGIN TASK,,,,,,,,,,,,,,,,,
2,1765585544987,13/12/2025 00:25:44,1765585546062,-8,12/12/2025 16:25:46,250842,10,task-24zw,,51379258,676fa93a6e1840db7ea43423,14743287,,complete,,693cb236e64beb9815676505,computer,Desktop or Laptop,Windows 10,Chrome 143.0.0.0,1920x1080,1920x957,day1done,,,Sound check - speakers,17,,,audioFail,audio-Success,,B,attention_pass,,day1done,,eligible,soundCheck,soundCheck,1,1,1,Screen 1,advancementZone,continue_button,61969.799999952316,,,0,,,,,,,,soundCheckInstructions,
3,1765585546739,13/12/2025 00:25:46,1765585547811,-8,12/12/2025 16:25:47,250842,10,task-24zw,,51379258,676fa93a6e1840db7ea43423,14743287,,complete,,693cb236e64beb9815676505,computer,Desktop or Laptop,Windows 10,Chrome 143.0.0.0,1920x1080,1920x957,day1done,,,Sound check - speakers,17,,,audioFail,audio-Success,,B,attention_pass,,day1done,,eligible,soundCheck,soundCheck,2,1,1,Screen 1,audiofile,content_audio,1737,,AUDIO STARTED,1,,,,,,,,volumeAdjustment,octopus
4,1765585556436,13/12/2025 00:25:56,1765585557508,-8,12/12/2025 16:25:57,250842,10,task-24zw,,51379258,676fa93a6e1840db7ea43423,14743287,,complete,,693cb236e64beb9815676505,computer,Desktop or Laptop,Windows 10,Chrome 143.0.0.0,1920x1080,1920x957,day1done,,,Sound check - speakers,17,,,audioFail,audio-Success,,B,attention_pass,,day1done,,eligible,soundCheck,soundCheck,2,1,1,Screen 1,audiofile,content_audio,11434.599999904633,,AUDIO STARTED,2,,,,,,,,volumeAdjustment,octopus
5,1765585568617,13/12/2025 00:26:08,1765585569702,-8,12/12/2025 16:26:09,250842,10,task-24zw,,51379258,676fa93a6e1840db7ea43423,14743287,,complete,,693cb236e64beb9815676505,computer,Desktop or Laptop,Windows 10,Chrome 143.0.0.0,1920x1080,1920x957,day1done,,,Sound check - speakers,17,,,audioFail,audio-Success,,B,attention_pass,,day1done,,eligible,soundCheck,soundCheck,2,1,1,Screen 1,typeword,response_text_entry,23627.099999904633,,octopus,1,1,,,,,,,volumeAdjustment,octopus
6,1765585646742,13/12/2025 00:27:26,1765585647826,-8,12/12/2025 16:27:27,250842,10,task-24zw,,51379258,676fa93a6e1840db7ea43423,14743287,,complete,,693cb236e64beb9815676505,computer,Desktop or Laptop,Windows 10,Chrome 143.0.0.0,1920x1080,1920x957,day1done,,,Sound check - speakers,17,,,audioFail,audio-Success,,B,attention_pass,,day1done,,eligible,soundCheck,soundCheck,3,1,1,Screen 1,advancementZone,continue_button,78119.60000014305,,,0,,,,,,,,autoplay,chocolate
7,1765585663734,13/12/2025 00:27:43,1765585664739,-8,12/12/2025 16:27:44,250842,10,task-24zw,,51379258,676fa93a6e1840db7ea43423,14743287,,complete,,693cb236e64beb9815676505,computer,Desktop or Laptop,Windows 10,Chrome 143.0.0.0,1920x1080,1920x957,day1done,,,Sound check - speakers,17,,,audioFail,audio-Success,,B,attention_pass,,day1done,,eligible,soundCheck,soundCheck,3,1,2,Screen 2,Zone1,response_text_entry,11217.300000190735,,rabbit,1,,,,,,,,autoplay,chocolate
8,1765585663913,13/12/2025 00:27:43,1765585664744,-8,12/12/2025 16:27:44,250842,10,task-24zw,,51379258,676fa93a6e1840db7ea43423,14743287,,complete,,693cb236e64beb9815676505,computer,Desktop or Laptop,Windows 10,Chrome 143.0.0.0,1920x1080,1920x957,day1done,,,Sound check - speakers,17,,,audioFail,audio-Success,,B,attention_pass,,day1done,,eligible,soundCheck,,,END TASK,,,,,180676,,,,,,,,,,,,
1,1765587631027,13/12/2025 01:00:31,1765587630000,-6,12/12/2025 19:00:30,250842,10,task-24zw,,51379419,611842195ebcbb197bc11c0e,14743335,,complete,,693cbaa3d9e05d850dda0783,computer,Desktop or Laptop,Windows 10,Chrome 143.0.0.0,1536x864,1536x695,day1done,,,Sound check - speakers,17,,,audio-Success,,,B,attention_pass,,day1done,,eligible,soundCheck,,,BEGIN TASK,,,,,,,,,,,,,,,,,
2,1765587634360,13/12/2025 01:00:34,1765587633373,-6,12/12/2025 19:00:33,250842,10,task-24zw,,51379419,611842195ebcbb197bc11c0e,14743335,,complete,,693cbaa3d9e05d850dda0783,computer,Desktop or Laptop,Windows 10,Chrome 143.0.0.0,1536x864,1536x695,day1done,,,Sound check - speakers,17,,,audio-Success,,,B,attention_pass,,day1done,,eligible,soundCheck,soundCheck,1,1,1,Screen 1,advancementZone,continue_button,3347.5999999996275,,,0,,,,,,,,soundCheckInstructions,
3,1765587638411,13/12/2025 01:00:38,1765587637383,-6,12/12/2025 19:00:37,250842,10,task-24zw,,51379419,611842195ebcbb197bc11c0e,14743335,,complete,,693cbaa3d9e05d850dda0783,computer,Desktop or Laptop,Windows 10,Chrome 143.0.0.0,1536x864,1536x695,day1done,,,Sound check - speakers,17,,,audio-Success,,,B,attention_pass,,day1done,,eligible,soundCheck,soundCheck,2,1,1,Screen 1,audiofile,content_audio,3998.9000000003725,,AUDIO STARTED,1,,,,,,,,volumeAdjustment,octopus
4,1765587644938,13/12/2025 01:00:44,1765587643944,-6,12/12/2025 19:00:43,250842,10,task-24zw,,51379419,611842195ebcbb197bc11c0e,14743335,,complete,,693cbaa3d9e05d850dda0783,computer,Desktop or Laptop,Windows 10,Chrome 143.0.0.0,1536x864,1536x695,day1done,,,Sound check - speakers,17,,,audio-Success,,,B,attention_pass,,day1done,,eligible,soundCheck,soundCheck,2,1,1,Screen 1,typeword,response_text_entry,10557.5,,octopus,1,1,,,,,,,volumeAdjustment,octopus
5,1765587652533,13/12/2025 01:00:52,1765587651541,-6,12/12/2025 19:00:51,250842,10,task-24zw,,51379419,611842195ebcbb197bc11c0e,14743335,,complete,,693cbaa3d9e05d850dda0783,computer,Desktop or Laptop,Windows 10,Chrome 143.0.0.0,1536x864,1536x695,day1done,,,Sound check - speakers,17,,,audio-Success,,,B,attention_pass,,day1done,,eligible,soundCheck,soundCheck,3,1,1,Screen 1,advancementZone,continue_button,7591.9000000003725,,,0,,,,,,,,autoplay,chocolate
6,1765587656191,13/12/2025 01:00:56,1765587655181,-6,12/12/2025 19:00:55,250842,10,task-24zw,,51379419,611842195ebcbb197bc11c0e,14743335,,complete,,693cbaa3d9e05d850dda0783,computer,Desktop or Laptop,Windows 10,Chrome 143.0.0.0,1536x864,1536x695,day1done,,,Sound check - speakers,17,,,audio-Success,,,B,attention_pass,,day1done,,eligible,soundCheck,soundCheck,3,1,2,Screen 2,Zone1,response_text_entry,3635.800000000745,,chocolate,1,1,,,,,,,autoplay,chocolate
7,1765587656326,13/12/2025 01:00:56,1765587655186,-6,12/12/2025 19:00:55,250842,10,task-24zw,,51379419,611842195ebcbb197bc11c0e,14743335,,complete,,693cbaa3d9e05d850dda0783,computer,Desktop or Laptop,Windows 10,Chrome 143.0.0.0,1536x864,1536x695,day1done,,,Sound check - speakers,17,,,audio-Success,,,B,attention_pass,,day1done,,eligible,soundCheck,,,END TASK,,,,,25187,,,,,,,,,,,,
1,1765590135219,13/12/2025 01:42:15,1765590135581,-6,12/12/2025 19:42:15,250842,10,task-24zw,,51379603,663e3cebf22215cffd238d3e,14743375,,complete,,693cc4382422a7473104cf3d,computer,Desktop or Laptop,Windows 10,Chrome 142.0.0.0,1280x800,1600x789,day1done,,,Sound check - speakers,17,day1done,attention_pass,audio-Success,,,A,,,,,eligible,soundCheck,,,BEGIN TASK,,,,,,,,,,,,,,,,,
2,1765590138324,13/12/2025 01:42:18,1765590138409,-6,12/12/2025 19:42:18,250842,10,task-24zw,,51379603,663e3cebf22215cffd238d3e,14743375,,complete,,693cc4382422a7473104cf3d,computer,Desktop or Laptop,Windows 10,Chrome 142.0.0.0,1280x800,1600x789,day1done,,,Sound check - speakers,17,day1done,attention_pass,audio-Success,,,A,,,,,eligible,soundCheck,soundCheck,1,1,1,Screen 1,advancementZone,continue_button,2762.9000000059605,,,0,,,,,,,,soundCheckInstructions,
3,1765590142503,13/12/2025 01:42:22,1765590142937,-6,12/12/2025 19:42:22,250842,10,task-24zw,,51379603,663e3cebf22215cffd238d3e,14743375,,complete,,693cc4382422a7473104cf3d,computer,Desktop or Laptop,Windows 10,Chrome 142.0.0.0,1280x800,1600x789,day1done,,,Sound check - speakers,17,day1done,attention_pass,audio-Success,,,A,,,,,eligible,soundCheck,soundCheck,2,1,1,Screen 1,audiofile,content_audio,4510.300000011921,,AUDIO STARTED,1,,,,,,,,volumeAdjustment,octopus
4,1765590152097,13/12/2025 01:42:32,1765590152217,-6,12/12/2025 19:42:32,250842,10,task-24zw,,51379603,663e3cebf22215cffd238d3e,14743375,,complete,,693cc4382422a7473104cf3d,computer,Desktop or Laptop,Windows 10,Chrome 142.0.0.0,1280x800,1600x789,day1done,,,Sound check - speakers,17,day1done,attention_pass,audio-Success,,,A,,,,,eligible,soundCheck,soundCheck,2,1,1,Screen 1,typeword,response_text_entry,13788.100000023842,,octopus,1,1,,,,,,,volumeAdjustment,octopus
5,1765590156114,13/12/2025 01:42:36,1765590156573,-6,12/12/2025 19:42:36,250842,10,task-24zw,,51379603,663e3cebf22215cffd238d3e,14743375,,complete,,693cc4382422a7473104cf3d,computer,Desktop or Laptop,Windows 10,Chrome 142.0.0.0,1280x800,1600x789,day1done,,,Sound check - speakers,17,day1done,attention_pass,audio-Success,,,A,,,,,eligible,soundCheck,soundCheck,3,1,1,Screen 1,advancementZone,continue_button,4349.399999976158,,,0,,,,,,,,autoplay,chocolate
6,1765590159397,13/12/2025 01:42:39,1765590159477,-6,12/12/2025 19:42:39,250842,10,task-24zw,,51379603,663e3cebf22215cffd238d3e,14743375,,complete,,693cc4382422a7473104cf3d,computer,Desktop or Laptop,Windows 10,Chrome 142.0.0.0,1280x800,1600x789,day1done,,,Sound check - speakers,17,day1done,attention_pass,audio-Success,,,A,,,,,eligible,soundCheck,soundCheck,3,1,2,Screen 2,Zone1,response_text_entry,2896.0999999940395,,chocolate,1,1,,,,,,,autoplay,chocolate
7,1765590159571,13/12/2025 01:42:39,1765590159479,-6,12/12/2025 19:42:39,250842,10,task-24zw,,51379603,663e3cebf22215cffd238d3e,14743375,,complete,,693cc4382422a7473104cf3d,computer,Desktop or Laptop,Windows 10,Chrome 142.0.0.0,1280x800,1600x789,day1done,,,Sound check - speakers,17,day1done,attention_pass,audio-Success,,,A,,,,,eligible,soundCheck,,,END TASK,,,,,23899,,,,,,,,,,,,
1,1765593273663,13/12/2025 02:34:33,1765593273427,-8,12/12/2025 18:34:33,250842,10,task-24zw,,51379795,5c7dcd11f066ff001568e56a,14743421,,complete,,693cd0a9517e37eb7dfe47ab,computer,Desktop or Laptop,Mac OS 10.15,Firefox 143.0,1470x956,1311x743,day1done,,,Sound check - speakers,17,,,audio-Success,,,B,attention_pass,,day1done,,eligible,soundCheck,,,BEGIN TASK,,,,,,,,,,,,,,,,,
2,1765593281260,13/12/2025 02:34:41,1765593281064,-8,12/12/2025 18:34:41,250842,10,task-24zw,,51379795,5c7dcd11f066ff001568e56a,14743421,,complete,,693cd0a9517e37eb7dfe47ab,computer,Desktop or Laptop,Mac OS 10.15,Firefox 143.0,1470x956,1311x743,day1done,,,Sound check - speakers,17,,,audio-Success,,,B,attention_pass,,day1done,,eligible,soundCheck,soundCheck,1,1,1,Screen 1,advancementZone,continue_button,7604,,,0,,,,,,,,soundCheckInstructions,
3,1765593283138,13/12/2025 02:34:43,1765593282946,-8,12/12/2025 18:34:42,250842,10,task-24zw,,51379795,5c7dcd11f066ff001568e56a,14743421,,complete,,693cd0a9517e37eb7dfe47ab,computer,Desktop or Laptop,Mac OS 10.15,Firefox 143.0,1470x956,1311x743,day1done,,,Sound check - speakers,17,,,audio-Success,,,B,attention_pass,,day1done,,eligible,soundCheck,soundCheck,2,1,1,Screen 1,audiofile,content_audio,1872,,AUDIO STARTED,1,,,,,,,,volumeAdjustment,octopus
4,1765593292949,13/12/2025 02:34:52,1765593292770,-8,12/12/2025 18:34:52,250842,10,task-24zw,,51379795,5c7dcd11f066ff001568e56a,14743421,,complete,,693cd0a9517e37eb7dfe47ab,computer,Desktop or Laptop,Mac OS 10.15,Firefox 143.0,1470x956,1311x743,day1done,,,Sound check - speakers,17,,,audio-Success,,,B,attention_pass,,day1done,,eligible,soundCheck,soundCheck,2,1,1,Screen 1,typeword,response_text_entry,11695,,octopus,1,1,,,,,,,volumeAdjustment,octopus
5,1765593298302,13/12/2025 02:34:58,1765593298112,-8,12/12/2025 18:34:58,250842,10,task-24zw,,51379795,5c7dcd11f066ff001568e56a,14743421,,complete,,693cd0a9517e37eb7dfe47ab,computer,Desktop or Laptop,Mac OS 10.15,Firefox 143.0,1470x956,1311x743,day1done,,,Sound check - speakers,17,,,audio-Success,,,B,attention_pass,,day1done,,eligible,soundCheck,soundCheck,3,1,1,Screen 1,advancementZone,continue_button,5337,,,0,,,,,,,,autoplay,chocolate
6,1765593305549,13/12/2025 02:35:05,1765593305334,-8,12/12/2025 18:35:05,250842,10,task-24zw,,51379795,5c7dcd11f066ff001568e56a,14743421,,complete,,693cd0a9517e37eb7dfe47ab,computer,Desktop or Laptop,Mac OS 10.15,Firefox 143.0,1470x956,1311x743,day1done,,,Sound check - speakers,17,,,audio-Success,,,B,attention_pass,,day1done,,eligible,soundCheck,soundCheck,3,1,2,Screen 2,Zone1,response_text_entry,7214,,chocolate,1,1,,,,,,,autoplay,chocolate
7,1765593305786,13/12/2025 02:35:05,1765593305337,-8,12/12/2025 18:35:05,250842,10,task-24zw,,51379795,5c7dcd11f066ff001568e56a,14743421,,complete,,693cd0a9517e37eb7dfe47ab,computer,Desktop or Laptop,Mac OS 10.15,Firefox 143.0,1470x956,1311x743,day1done,,,Sound check - speakers,17,,,audio-Success,,,B,attention_pass,,day1done,,eligible,soundCheck,,,END TASK,,,,,31910,,,,,,,,,,,,
END OF FILE,,,,,,,,,,,,,,,,,,,,,,,,,,,,,,,,,,,,,,,,,,,,,,,,,,,,,,,,,,,
