randomise_blocks,randomise_trials,display,compQ,compQleft,compQright,compQans,picture,audio,
,,instructions,,,,,,,
,,storyTitle,,,,,C_Slide1.JPG,,
,,storyScreens,,,,,C_Slide2.JPG,CC_P1.mp3,
,,storyScreens,,,,,C_Slide3.JPG,CC_P2.mp3,
,,storyScreens,,,,,C_Slide4.JPG,CC_P3.mp3,
,,storyScreens,,,,,C_Slide5.JPG,CC_P4.mp3,
,,storyScreens,,,,,C_Slide6.JPG,CC_P5.mp3,
,,storyScreens,,,,,C_Slide7.JPG,CC_P6.mp3,
,,storyScreens,,,,,C_Slide8.JPG,CC_P7.mp3,
,,storyScreens,,,,,C_Slide9.JPG,CC_P8.mp3,
,,storyScreens,,,,,C_Slide10.JPG,CC_P9.mp3,
,,storyScreens,,,,,C_Slide11.JPG,CC_P10.mp3,
,,storyScreens,,,,,C_Slide12.JPG,CC_P11.mp3,
,,storyScreens,,,,,C_Slide13.JPG,CC_P12.mp3,
,,storyScreens,,,,,C_Slide14.JPG,CC_P13.mp3,
,,storyScreens,,,,,C_Slide15.JPG,CC_P14.mp3,
,,storyScreens,,,,,C_Slide16.JPG,CC_P15.mp3,
,,comprehensionInstructions,,,,,,,
,1,comprehensionQs,What was the boy character called?,Andy,Archie,Archie,,,
,1,comprehensionQs,What was the girl character called?,Krista,Crystal,Krista,,,
,1,comprehensionQs,What colour were the main characters?,Green,Yellow,Green,,,
,1,comprehensionQs,Where did they go?,Intergalactic Fairground,Intergalactic Zoo,Intergalactic Zoo,,,
