Event Index,UTC Timestamp,UTC Date and Time,Local Timestamp,Local Timezone,Local Date and Time,Experiment ID,Experiment Version,Tree Node Key,Repeat Key,Schedule ID,Participant Public ID,Participant Private ID,Participant Starting Group,Participant Status,Participant Completion Code,Participant External Session ID,Participant Device Type,Participant Device,Participant OS,Participant Browser,Participant Monitor Size,Participant Viewport Size,Checkpoint,Room ID,Room Order,Task Name,Task Version,checkpoint-eqdz,branch-m64g,branch-jfu9,branch-n4qm,branch-vz7v,randomiser-q5z8,branch-gyqg,branch-lrfh,checkpoint-pq3t,checkpoint-p1b9,branch-pusb,Manipulation: Spreadsheet,Spreadsheet Name,Spreadsheet Row,Trial Number,Screen Number,Screen Name,Zone Name,Zone Type,Reaction Time,Reaction Onset,Response,Attempt,Correct,Dishonest,X Coordinate,Y Coordinate,Timed Out,randomise_blocks,randomise_trials,display,aud1,aud2,correctResponse,picture,ANSWER,incorrect
1,1765235641119,08/12/2025 23:14:01,1765235627907,-5,08/12/2025 18:13:47,250842,10,task-y5i7,,51270075,670391e01385e6794f0eff25,14710098,,complete,,6938a58edf434b9f87cd0a5c,computer,Desktop or Laptop,Windows 10,Edge 142.0.0.0,1536x864,1528x698,day1done,,,Pic Recognition (2AFC),6,day1done,attention_pass,audio-Success,,,A,,,,,eligible,picRecog_A,,,BEGIN TASK,,,,,,,,,,,,,,,,,,,,,,
2,1765235645123,08/12/2025 23:14:05,1765235631691,-5,08/12/2025 18:13:51,250842,10,task-y5i7,,51270075,670391e01385e6794f0eff25,14710098,,complete,,6938a58edf434b9f87cd0a5c,computer,Desktop or Laptop,Windows 10,Edge 142.0.0.0,1536x864,1528x698,day1done,,,Pic Recognition (2AFC),6,day1done,attention_pass,audio-Success,,,A,,,,,eligible,picRecog_A,picRecog_A,1,1,1,Screen 1,advancementZone,continue_button,3691.4000000003725,,,0,,,,,,,,recog-Instructions,,,,,,
3,1765235646468,08/12/2025 23:14:06,1765235633307,-5,08/12/2025 18:13:53,250842,10,task-y5i7,,51270075,670391e01385e6794f0eff25,14710098,,complete,,6938a58edf434b9f87cd0a5c,computer,Desktop or Laptop,Windows 10,Edge 142.0.0.0,1536x864,1528x698,day1done,,,Pic Recognition (2AFC),6,day1done,attention_pass,audio-Success,,,A,,,,,eligible,picRecog_A,picRecog_A,11,1,1,opt1,Zone1,content_audio,1547.800000000745,,,0,,,,,,,1,recog-trial,tesdar.mp3,regby.mp3,2,car.PNG,regby,tesdar
4,1765235648047,08/12/2025 23:14:08,1765235634905,-5,08/12/2025 18:13:54,250842,10,task-y5i7,,51270075,670391e01385e6794f0eff25,14710098,,complete,,6938a58edf434b9f87cd0a5c,computer,Desktop or Laptop,Windows 10,Edge 142.0.0.0,1536x864,1528x698,day1done,,,Pic Recognition (2AFC),6,day1done,attention_pass,audio-Success,,,A,,,,,eligible,picRecog_A,picRecog_A,11,1,2,opt2,Zone1,content_audio,1569.8999999985099,,,0,,,,,,,1,recog-trial,tesdar.mp3,regby.mp3,2,car.PNG,regby,tesdar
5,1765235648716,08/12/2025 23:14:08,1765235635565,-5,08/12/2025 18:13:55,250842,10,task-y5i7,,51270075,670391e01385e6794f0eff25,14710098,,complete,,6938a58edf434b9f87cd0a5c,computer,Desktop or Laptop,Windows 10,Edge 142.0.0.0,1536x864,1528x698,day1done,,,Pic Recognition (2AFC),6,day1done,attention_pass,audio-Success,,,A,,,,,eligible,picRecog_A,picRecog_A,11,1,3,response,Zone1,response_keyboard,635.9000000003725,,1,1,,,,,,,1,recog-trial,tesdar.mp3,regby.mp3,2,car.PNG,regby,tesdar
6,1765235649710,08/12/2025 23:14:09,1765235636550,-5,08/12/2025 18:13:56,250842,10,task-y5i7,,51270075,670391e01385e6794f0eff25,14710098,,complete,,6938a58edf434b9f87cd0a5c,computer,Desktop or Laptop,Windows 10,Edge 142.0.0.0,1536x864,1528x698,day1done,,,Pic Recognition (2AFC),6,day1done,attention_pass,audio-Success,,,A,,,,,eligible,picRecog_A,picRecog_A,11,1,4,ITI,Zone1,timelimit_screen,1001,,,0,,,,,1,,1,recog-trial,tesdar.mp3,regby.mp3,2,car.PNG,regby,tesdar
7,1765235651307,08/12/2025 23:14:11,1765235638166,-5,08/12/2025 18:13:58,250842,10,task-y5i7,,51270075,670391e01385e6794f0eff25,14710098,,complete,,6938a58edf434b9f87cd0a5c,computer,Desktop or Laptop,Windows 10,Edge 142.0.0.0,1536x864,1528x698,day1done,,,Pic Recognition (2AFC),6,day1done,attention_pass,audio-Success,,,A,,,,,eligible,picRecog_A,picRecog_A,15,2,1,opt1,Zone1,content_audio,1549.800000000745,,,0,,,,,,,1,recog-trial,femod.mp3,vorgal.mp3,2,flower.PNG,vorgal,femod
8,1765235652896,08/12/2025 23:14:12,1765235639746,-5,08/12/2025 18:13:59,250842,10,task-y5i7,,51270075,670391e01385e6794f0eff25,14710098,,complete,,6938a58edf434b9f87cd0a5c,computer,Desktop or Laptop,Windows 10,Edge 142.0.0.0,1536x864,1528x698,day1done,,,Pic Recognition (2AFC),6,day1done,attention_pass,audio-Success,,,A,,,,,eligible,picRecog_A,picRecog_A,15,2,2,opt2,Zone1,content_audio,1551.5,,,0,,,,,,,1,recog-trial,femod.mp3,vorgal.mp3,2,flower.PNG,vorgal,femod
9,1765235653736,08/12/2025 23:14:13,1765235640590,-5,08/12/2025 18:14:00,250842,10,task-y5i7,,51270075,670391e01385e6794f0eff25,14710098,,complete,,6938a58edf434b9f87cd0a5c,computer,Desktop or Laptop,Windows 10,Edge 142.0.0.0,1536x864,1528x698,day1done,,,Pic Recognition (2AFC),6,day1done,attention_pass,audio-Success,,,A,,,,,eligible,picRecog_A,picRecog_A,15,2,3,response,Zone1,response_keyboard,820,,2,1,1,,,,,,1,recog-trial,femod.mp3,vorgal.mp3,2,flower.PNG,vorgal,femod
10,1765235655013,08/12/2025 23:14:15,1765235641587,-5,08/12/2025 18:14:01,250842,10,task-y5i7,,51270075,670391e01385e6794f0eff25,14710098,,complete,,6938a58edf434b9f87cd0a5c,computer,Desktop or Laptop,Windows 10,Edge 142.0.0.0,1536x864,1528x698,day1done,,,Pic Recognition (2AFC),6,day1done,attention_pass,audio-Success,,,A,,,,,eligible,picRecog_A,picRecog_A,15,2,4,ITI,Zone1,timelimit_screen,1001.0999999999985,,,0,,,,,1,,1,recog-trial,femod.mp3,vorgal.mp3,2,flower.PNG,vorgal,femod
11,1765235656351,08/12/2025 23:14:16,1765235643207,-5,08/12/2025 18:14:03,250842,10,task-y5i7,,51270075,670391e01385e6794f0eff25,14710098,,complete,,6938a58edf434b9f87cd0a5c,computer,Desktop or Laptop,Windows 10,Edge 142.0.0.0,1536x864,1528x698,day1done,,,Pic Recognition (2AFC),6,day1done,attention_pass,audio-Success,,,A,,,,,eligible,picRecog_A,picRecog_A,6,3,1,opt1,Zone1,content_audio,1553.699999999255,,,0,,,,,,,1,recog-trial,nusty.mp3,ballow.mp3,1,food.PNG,nusty,ballow
12,1765235657983,08/12/2025 23:14:17,1765235644825,-5,08/12/2025 18:14:04,250842,10,task-y5i7,,51270075,670391e01385e6794f0eff25,14710098,,complete,,6938a58edf434b9f87cd0a5c,computer,Desktop or Laptop,Windows 10,Edge 142.0.0.0,1536x864,1528x698,day1done,,,Pic Recognition (2AFC),6,day1done,attention_pass,audio-Success,,,A,,,,,eligible,picRecog_A,picRecog_A,6,3,2,opt2,Zone1,content_audio,1595.5999999996275,,,0,,,,,,,1,recog-trial,nusty.mp3,ballow.mp3,1,food.PNG,nusty,ballow
13,1765235658439,08/12/2025 23:14:18,1765235645292,-5,08/12/2025 18:14:05,250842,10,task-y5i7,,51270075,670391e01385e6794f0eff25,14710098,,complete,,6938a58edf434b9f87cd0a5c,computer,Desktop or Laptop,Windows 10,Edge 142.0.0.0,1536x864,1528x698,day1done,,,Pic Recognition (2AFC),6,day1done,attention_pass,audio-Success,,,A,,,,,eligible,picRecog_A,picRecog_A,6,3,3,response,Zone1,response_keyboard,443.40000000037253,,1,1,1,,,,,,1,recog-trial,nusty.mp3,ballow.mp3,1,food.PNG,nusty,ballow
14,1765235659440,08/12/2025 23:14:19,1765235646292,-5,08/12/2025 18:14:06,250842,10,task-y5i7,,51270075,670391e01385e6794f0eff25,14710098,,complete,,6938a58edf434b9f87cd0a5c,computer,Desktop or Laptop,Windows 10,Edge 142.0.0.0,1536x864,1528x698,day1done,,,Pic Recognition (2AFC),6,day1done,attention_pass,audio-Success,,,A,,,,,eligible,picRecog_A,picRecog_A,6,3,4,ITI,Zone1,timelimit_screen,1001.2000000000007,,,0,,,,,1,,1,recog-trial,nusty.mp3,ballow.mp3,1,food.PNG,nusty,ballow
15,1765235661111,08/12/2025 23:14:21,1765235647965,-5,08/12/2025 18:14:07,250842,10,task-y5i7,,51270075,670391e01385e6794f0eff25,14710098,,complete,,6938a58edf434b9f87cd0a5c,computer,Desktop or Laptop,Windows 10,Edge 142.0.0.0,1536x864,1528x698,day1done,,,Pic Recognition (2AFC),6,day1done,attention_pass,audio-Success,,,A,,,,,eligible,picRecog_A,picRecog_A,5,4,1,opt1,Zone1,content_audio,1613.9000000003725,,,0,,,,,,,1,recog-trial,dester.mp3,mowel.mp3,2,coat.PNG,mowel,dester
16,1765235662705,08/12/2025 23:14:22,1765235649565,-5,08/12/2025 18:14:09,250842,10,task-y5i7,,51270075,670391e01385e6794f0eff25,14710098,,complete,,6938a58edf434b9f87cd0a5c,computer,Desktop or Laptop,Windows 10,Edge 142.0.0.0,1536x864,1528x698,day1done,,,Pic Recognition (2AFC),6,day1done,attention_pass,audio-Success,,,A,,,,,eligible,picRecog_A,picRecog_A,5,4,2,opt2,Zone1,content_audio,1576,,,0,,,,,,,1,recog-trial,dester.mp3,mowel.mp3,2,coat.PNG,mowel,dester
17,1765235663060,08/12/2025 23:14:23,1765235649924,-5,08/12/2025 18:14:09,250842,10,task-y5i7,,51270075,670391e01385e6794f0eff25,14710098,,complete,,6938a58edf434b9f87cd0a5c,computer,Desktop or Laptop,Windows 10,Edge 142.0.0.0,1536x864,1528x698,day1done,,,Pic Recognition (2AFC),6,day1done,attention_pass,audio-Success,,,A,,,,,eligible,picRecog_A,picRecog_A,5,4,3,response,Zone1,response_keyboard,335.2000000011176,,2,1,1,,,,,,1,recog-trial,dester.mp3,mowel.mp3,2,coat.PNG,mowel,dester
18,1765235664064,08/12/2025 23:14:24,1765235650913,-5,08/12/2025 18:14:10,250842,10,task-y5i7,,51270075,670391e01385e6794f0eff25,14710098,,complete,,6938a58edf434b9f87cd0a5c,computer,Desktop or Laptop,Windows 10,Edge 142.0.0.0,1536x864,1528x698,day1done,,,Pic Recognition (2AFC),6,day1done,attention_pass,audio-Success,,,A,,,,,eligible,picRecog_A,picRecog_A,5,4,4,ITI,Zone1,timelimit_screen,1001.1000000000022,,,0,,,,,1,,1,recog-trial,dester.mp3,mowel.mp3,2,coat.PNG,mowel,dester
19,1765235666003,08/12/2025 23:14:26,1765235652585,-5,08/12/2025 18:14:12,250842,10,task-y5i7,,51270075,670391e01385e6794f0eff25,14710098,,complete,,6938a58edf434b9f87cd0a5c,computer,Desktop or Laptop,Windows 10,Edge 142.0.0.0,1536x864,1528x698,day1done,,,Pic Recognition (2AFC),6,day1done,attention_pass,audio-Success,,,A,,,,,eligible,picRecog_A,picRecog_A,3,5,1,opt1,Zone1,content_audio,1611.4000000003725,,,0,,,,,,,1,recog-trial,rafar.mp3,dester.mp3,2,tree.PNG,dester,rafar
20,1765235667730,08/12/2025 23:14:27,1765235654205,-5,08/12/2025 18:14:14,250842,10,task-y5i7,,51270075,670391e01385e6794f0eff25,14710098,,complete,,6938a58edf434b9f87cd0a5c,computer,Desktop or Laptop,Windows 10,Edge 142.0.0.0,1536x864,1528x698,day1done,,,Pic Recognition (2AFC),6,day1done,attention_pass,audio-Success,,,A,,,,,eligible,picRecog_A,picRecog_A,3,5,2,opt2,Zone1,content_audio,1597.199999999255,,,0,,,,,,,1,recog-trial,rafar.mp3,dester.mp3,2,tree.PNG,dester,rafar
21,1765235668042,08/12/2025 23:14:28,1765235654571,-5,08/12/2025 18:14:14,250842,10,task-y5i7,,51270075,670391e01385e6794f0eff25,14710098,,complete,,6938a58edf434b9f87cd0a5c,computer,Desktop or Laptop,Windows 10,Edge 142.0.0.0,1536x864,1528x698,day1done,,,Pic Recognition (2AFC),6,day1done,attention_pass,audio-Success,,,A,,,,,eligible,picRecog_A,picRecog_A,3,5,3,response,Zone1,response_keyboard,342.69999999925494,,1,1,,,,,,,1,recog-trial,rafar.mp3,dester.mp3,2,tree.PNG,dester,rafar
22,1765235668709,08/12/2025 23:14:28,1765235655568,-5,08/12/2025 18:14:15,250842,10,task-y5i7,,51270075,670391e01385e6794f0eff25,14710098,,complete,,6938a58edf434b9f87cd0a5c,computer,Desktop or Laptop,Windows 10,Edge 142.0.0.0,1536x864,1528x698,day1done,,,Pic Recognition (2AFC),6,day1done,attention_pass,audio-Success,,,A,,,,,eligible,picRecog_A,picRecog_A,3,5,4,ITI,Zone1,timelimit_screen,1001.2000000000007,,,0,,,,,1,,1,recog-trial,rafar.mp3,dester.mp3,2,tree.PNG,dester,rafar
23,1765235670391,08/12/2025 23:14:30,1765235657246,-5,08/12/2025 18:14:17,250842,10,task-y5i7,,51270075,670391e01385e6794f0eff25,14710098,,complete,,6938a58edf434b9f87cd0a5c,computer,Desktop or Laptop,Windows 10,Edge 142.0.0.0,1536x864,1528x698,day1done,,,Pic Recognition (2AFC),6,day1done,attention_pass,audio-Success,,,A,,,,,eligible,picRecog_A,picRecog_A,10,6,1,opt1,Zone1,content_audio,1618.800000000745,,,0,,,,,,,1,recog-trial,rafar.mp3,mowel.mp3,1,animal.PNG,rafar,mowel
24,1765235672025,08/12/2025 23:14:32,1765235658885,-5,08/12/2025 18:14:18,250842,10,task-y5i7,,51270075,670391e01385e6794f0eff25,14710098,,complete,,6938a58edf434b9f87cd0a5c,computer,Desktop or Laptop,Windows 10,Edge 142.0.0.0,1536x864,1528x698,day1done,,,Pic Recognition (2AFC),6,day1done,attention_pass,audio-Success,,,A,,,,,eligible,picRecog_A,picRecog_A,10,6,2,opt2,Zone1,content_audio,1615,,,0,,,,,,,1,recog-trial,rafar.mp3,mowel.mp3,1,animal.PNG,rafar,mowel
25,1765235672389,08/12/2025 23:14:32,1765235659248,-5,08/12/2025 18:14:19,250842,10,task-y5i7,,51270075,670391e01385e6794f0eff25,14710098,,complete,,6938a58edf434b9f87cd0a5c,computer,Desktop or Laptop,Windows 10,Edge 142.0.0.0,1536x864,1528x698,day1done,,,Pic Recognition (2AFC),6,day1done,attention_pass,audio-Success,,,A,,,,,eligible,picRecog_A,picRecog_A,10,6,3,response,Zone1,response_keyboard,338.2999999988824,,1,1,1,,,,,,1,recog-trial,rafar.mp3,mowel.mp3,1,animal.PNG,rafar,mowel
26,1765235673390,08/12/2025 23:14:33,1765235660240,-5,08/12/2025 18:14:20,250842,10,task-y5i7,,51270075,670391e01385e6794f0eff25,14710098,,complete,,6938a58edf434b9f87cd0a5c,computer,Desktop or Laptop,Windows 10,Edge 142.0.0.0,1536x864,1528x698,day1done,,,Pic Recognition (2AFC),6,day1done,attention_pass,audio-Success,,,A,,,,,eligible,picRecog_A,picRecog_A,10,6,4,ITI,Zone1,timelimit_screen,1001.2000000000044,,,0,,,,,1,,1,recog-trial,rafar.mp3,mowel.mp3,1,animal.PNG,rafar,mowel
27,1765235675346,08/12/2025 23:14:35,1765235661927,-5,08/12/2025 18:14:21,250842,10,task-y5i7,,51270075,670391e01385e6794f0eff25,14710098,,complete,,6938a58edf434b9f87cd0a5c,computer,Desktop or Laptop,Windows 10,Edge 142.0.0.0,1536x864,1528x698,day1done,,,Pic Recognition (2AFC),6,day1done,attention_pass,audio-Success,,,A,,,,,eligible,picRecog_A,picRecog_A,16,7,1,opt1,Zone1,content_audio,1627,,,0,,,,,,,1,recog-trial,wabon.mp3,tabric.mp3,1,backpack.PNG,wabon,tabric
28,1765235676729,08/12/2025 23:14:36,1765235663585,-5,08/12/2025 18:14:23,250842,10,task-y5i7,,51270075,670391e01385e6794f0eff25,14710098,,complete,,6938a58edf434b9f87cd0a5c,computer,Desktop or Laptop,Windows 10,Edge 142.0.0.0,1536x864,1528x698,day1done,,,Pic Recognition (2AFC),6,day1done,attention_pass,audio-Success,,,A,,,,,eligible,picRecog_A,picRecog_A,16,7,2,opt2,Zone1,content_audio,1634.699999999255,,,0,,,,,,,1,recog-trial,wabon.mp3,tabric.mp3,1,backpack.PNG,wabon,tabric
29,1765235677493,08/12/2025 23:14:37,1765235664345,-5,08/12/2025 18:14:24,250842,10,task-y5i7,,51270075,670391e01385e6794f0eff25,14710098,,complete,,6938a58edf434b9f87cd0a5c,computer,Desktop or Laptop,Windows 10,Edge 142.0.0.0,1536x864,1528x698,day1done,,,Pic Recognition (2AFC),6,day1done,attention_pass,audio-Success,,,A,,,,,eligible,picRecog_A,picRecog_A,16,7,3,response,Zone1,response_keyboard,735.3000000007451,,1,1,1,,,,,,1,recog-trial,wabon.mp3,tabric.mp3,1,backpack.PNG,wabon,tabric
30,1765235678485,08/12/2025 23:14:38,1765235665328,-5,08/12/2025 18:14:25,250842,10,task-y5i7,,51270075,670391e01385e6794f0eff25,14710098,,complete,,6938a58edf434b9f87cd0a5c,computer,Desktop or Laptop,Windows 10,Edge 142.0.0.0,1536x864,1528x698,day1done,,,Pic Recognition (2AFC),6,day1done,attention_pass,audio-Success,,,A,,,,,eligible,picRecog_A,picRecog_A,16,7,4,ITI,Zone1,timelimit_screen,1001.1000000000058,,,0,,,,,1,,1,recog-trial,wabon.mp3,tabric.mp3,1,backpack.PNG,wabon,tabric
31,1765235680088,08/12/2025 23:14:40,1765235666946,-5,08/12/2025 18:14:26,250842,10,task-y5i7,,51270075,670391e01385e6794f0eff25,14710098,,complete,,6938a58edf434b9f87cd0a5c,computer,Desktop or Laptop,Windows 10,Edge 142.0.0.0,1536x864,1528x698,day1done,,,Pic Recognition (2AFC),6,day1done,attention_pass,audio-Success,,,A,,,,,eligible,picRecog_A,picRecog_A,12,8,1,opt1,Zone1,content_audio,1555.800000000745,,,0,,,,,,,1,recog-trial,solly.mp3,nusty.mp3,1,monster.PNG,solly,nusty
32,1765235681715,08/12/2025 23:14:41,1765235668566,-5,08/12/2025 18:14:28,250842,10,task-y5i7,,51270075,670391e01385e6794f0eff25,14710098,,complete,,6938a58edf434b9f87cd0a5c,computer,Desktop or Laptop,Windows 10,Edge 142.0.0.0,1536x864,1528x698,day1done,,,Pic Recognition (2AFC),6,day1done,attention_pass,audio-Success,,,A,,,,,eligible,picRecog_A,picRecog_A,12,8,2,opt2,Zone1,content_audio,1595.9000000003725,,,0,,,,,,,1,recog-trial,solly.mp3,nusty.mp3,1,monster.PNG,solly,nusty
33,1765235682084,08/12/2025 23:14:42,1765235668942,-5,08/12/2025 18:14:28,250842,10,task-y5i7,,51270075,670391e01385e6794f0eff25,14710098,,complete,,6938a58edf434b9f87cd0a5c,computer,Desktop or Laptop,Windows 10,Edge 142.0.0.0,1536x864,1528x698,day1done,,,Pic Recognition (2AFC),6,day1done,attention_pass,audio-Success,,,A,,,,,eligible,picRecog_A,picRecog_A,12,8,3,response,Zone1,response_keyboard,353,,1,1,1,,,,,,1,recog-trial,solly.mp3,nusty.mp3,1,monster.PNG,solly,nusty
34,1765235683079,08/12/2025 23:14:43,1765235669932,-5,08/12/2025 18:14:29,250842,10,task-y5i7,,51270075,670391e01385e6794f0eff25,14710098,,complete,,6938a58edf434b9f87cd0a5c,computer,Desktop or Laptop,Windows 10,Edge 142.0.0.0,1536x864,1528x698,day1done,,,Pic Recognition (2AFC),6,day1done,attention_pass,audio-Success,,,A,,,,,eligible,picRecog_A,picRecog_A,12,8,4,ITI,Zone1,timelimit_screen,1001,,,0,,,,,1,,1,recog-trial,solly.mp3,nusty.mp3,1,monster.PNG,solly,nusty
35,1765235685027,08/12/2025 23:14:45,1765235671605,-5,08/12/2025 18:14:31,250842,10,task-y5i7,,51270075,670391e01385e6794f0eff25,14710098,,complete,,6938a58edf434b9f87cd0a5c,computer,Desktop or Laptop,Windows 10,Edge 142.0.0.0,1536x864,1528x698,day1done,,,Pic Recognition (2AFC),6,day1done,attention_pass,audio-Success,,,A,,,,,eligible,picRecog_A,picRecog_A,2,9,1,opt1,Zone1,content_audio,1613.0999999996275,,,0,,,,,,,1,recog-trial,ballow.mp3,parung.mp3,1,money.PNG,ballow,parung
36,1765235686378,08/12/2025 23:14:46,1765235673225,-5,08/12/2025 18:14:33,250842,10,task-y5i7,,51270075,670391e01385e6794f0eff25,14710098,,complete,,6938a58edf434b9f87cd0a5c,computer,Desktop or Laptop,Windows 10,Edge 142.0.0.0,1536x864,1528x698,day1done,,,Pic Recognition (2AFC),6,day1done,attention_pass,audio-Success,,,A,,,,,eligible,picRecog_A,picRecog_A,2,9,2,opt2,Zone1,content_audio,1597,,,0,,,,,,,1,recog-trial,ballow.mp3,parung.mp3,1,money.PNG,ballow,parung
37,1765235686890,08/12/2025 23:14:46,1765235673744,-5,08/12/2025 18:14:33,250842,10,task-y5i7,,51270075,670391e01385e6794f0eff25,14710098,,complete,,6938a58edf434b9f87cd0a5c,computer,Desktop or Laptop,Windows 10,Edge 142.0.0.0,1536x864,1528x698,day1done,,,Pic Recognition (2AFC),6,day1done,attention_pass,audio-Success,,,A,,,,,eligible,picRecog_A,picRecog_A,2,9,3,response,Zone1,response_keyboard,495.09999999962747,,1,1,1,,,,,,1,recog-trial,ballow.mp3,parung.mp3,1,money.PNG,ballow,parung
38,1765235687881,08/12/2025 23:14:47,1765235674737,-5,08/12/2025 18:14:34,250842,10,task-y5i7,,51270075,670391e01385e6794f0eff25,14710098,,complete,,6938a58edf434b9f87cd0a5c,computer,Desktop or Laptop,Windows 10,Edge 142.0.0.0,1536x864,1528x698,day1done,,,Pic Recognition (2AFC),6,day1done,attention_pass,audio-Success,,,A,,,,,eligible,picRecog_A,picRecog_A,2,9,4,ITI,Zone1,timelimit_screen,1001,,,0,,,,,1,,1,recog-trial,ballow.mp3,parung.mp3,1,money.PNG,ballow,parung
39,1765235689540,08/12/2025 23:14:49,1765235676386,-5,08/12/2025 18:14:36,250842,10,task-y5i7,,51270075,670391e01385e6794f0eff25,14710098,,complete,,6938a58edf434b9f87cd0a5c,computer,Desktop or Laptop,Windows 10,Edge 142.0.0.0,1536x864,1528x698,day1done,,,Pic Recognition (2AFC),6,day1done,attention_pass,audio-Success,,,A,,,,,eligible,picRecog_A,picRecog_A,7,10,1,opt1,Zone1,content_audio,1588.9000000003725,,,0,,,,,,,1,recog-trial,vorgal.mp3,parung.mp3,2,sun.PNG,parung,vorgal
40,1765235691138,08/12/2025 23:14:51,1765235677996,-5,08/12/2025 18:14:37,250842,10,task-y5i7,,51270075,670391e01385e6794f0eff25,14710098,,complete,,6938a58edf434b9f87cd0a5c,computer,Desktop or Laptop,Windows 10,Edge 142.0.0.0,1536x864,1528x698,day1done,,,Pic Recognition (2AFC),6,day1done,attention_pass,audio-Success,,,A,,,,,eligible,picRecog_A,picRecog_A,7,10,2,opt2,Zone1,content_audio,1586.300000000745,,,0,,,,,,,1,recog-trial,vorgal.mp3,parung.mp3,2,sun.PNG,parung,vorgal
41,1765235691778,08/12/2025 23:14:51,1765235678626,-5,08/12/2025 18:14:38,250842,10,task-y5i7,,51270075,670391e01385e6794f0eff25,14710098,,complete,,6938a58edf434b9f87cd0a5c,computer,Desktop or Laptop,Windows 10,Edge 142.0.0.0,1536x864,1528x698,day1done,,,Pic Recognition (2AFC),6,day1done,attention_pass,audio-Success,,,A,,,,,eligible,picRecog_A,picRecog_A,7,10,3,response,Zone1,response_keyboard,606.7999999988824,,1,1,,,,,,,1,recog-trial,vorgal.mp3,parung.mp3,2,sun.PNG,parung,vorgal
42,1765235692781,08/12/2025 23:14:52,1765235679625,-5,08/12/2025 18:14:39,250842,10,task-y5i7,,51270075,670391e01385e6794f0eff25,14710098,,complete,,6938a58edf434b9f87cd0a5c,computer,Desktop or Laptop,Windows 10,Edge 142.0.0.0,1536x864,1528x698,day1done,,,Pic Recognition (2AFC),6,day1done,attention_pass,audio-Success,,,A,,,,,eligible,picRecog_A,picRecog_A,7,10,4,ITI,Zone1,timelimit_screen,1001.1000000000058,,,0,,,,,1,,1,recog-trial,vorgal.mp3,parung.mp3,2,sun.PNG,parung,vorgal
43,1765235694443,08/12/2025 23:14:54,1765235681296,-5,08/12/2025 18:14:41,250842,10,task-y5i7,,51270075,670391e01385e6794f0eff25,14710098,,complete,,6938a58edf434b9f87cd0a5c,computer,Desktop or Laptop,Windows 10,Edge 142.0.0.0,1536x864,1528x698,day1done,,,Pic Recognition (2AFC),6,day1done,attention_pass,audio-Success,,,A,,,,,eligible,picRecog_A,picRecog_A,4,11,1,opt1,Zone1,content_audio,1611.0999999996275,,,0,,,,,,,1,recog-trial,femod.mp3,wabon.mp3,1,hoverboard.PNG,femod,wabon
44,1765235696371,08/12/2025 23:14:56,1765235682935,-5,08/12/2025 18:14:42,250842,10,task-y5i7,,51270075,670391e01385e6794f0eff25,14710098,,complete,,6938a58edf434b9f87cd0a5c,computer,Desktop or Laptop,Windows 10,Edge 142.0.0.0,1536x864,1528x698,day1done,,,Pic Recognition (2AFC),6,day1done,attention_pass,audio-Success,,,A,,,,,eligible,picRecog_A,picRecog_A,4,11,2,opt2,Zone1,content_audio,1615.5,,,0,,,,,,,1,recog-trial,femod.mp3,wabon.mp3,1,hoverboard.PNG,femod,wabon
45,1765235696527,08/12/2025 23:14:56,1765235683380,-5,08/12/2025 18:14:43,250842,10,task-y5i7,,51270075,670391e01385e6794f0eff25,14710098,,complete,,6938a58edf434b9f87cd0a5c,computer,Desktop or Laptop,Windows 10,Edge 142.0.0.0,1536x864,1528x698,day1done,,,Pic Recognition (2AFC),6,day1done,attention_pass,audio-Success,,,A,,,,,eligible,picRecog_A,picRecog_A,4,11,3,response,Zone1,response_keyboard,422.40000000037253,,1,1,1,,,,,,1,recog-trial,femod.mp3,wabon.mp3,1,hoverboard.PNG,femod,wabon
46,1765235697530,08/12/2025 23:14:57,1765235684380,-5,08/12/2025 18:14:44,250842,10,task-y5i7,,51270075,670391e01385e6794f0eff25,14710098,,complete,,6938a58edf434b9f87cd0a5c,computer,Desktop or Laptop,Windows 10,Edge 142.0.0.0,1536x864,1528x698,day1done,,,Pic Recognition (2AFC),6,day1done,attention_pass,audio-Success,,,A,,,,,eligible,picRecog_A,picRecog_A,4,11,4,ITI,Zone1,timelimit_screen,1000.9000000000015,,,0,,,,,1,,1,recog-trial,femod.mp3,wabon.mp3,1,hoverboard.PNG,femod,wabon
47,1765235699178,08/12/2025 23:14:59,1765235686035,-5,08/12/2025 18:14:46,250842,10,task-y5i7,,51270075,670391e01385e6794f0eff25,14710098,,complete,,6938a58edf434b9f87cd0a5c,computer,Desktop or Laptop,Windows 10,Edge 142.0.0.0,1536x864,1528x698,day1done,,,Pic Recognition (2AFC),6,day1done,attention_pass,audio-Success,,,A,,,,,eligible,picRecog_A,picRecog_A,14,12,1,opt1,Zone1,content_audio,1595.7000000011176,,,0,,,,,,,1,recog-trial,tesdar.mp3,pungus.mp3,1,ride.PNG,tesdar,pungus
48,1765235700847,08/12/2025 23:15:00,1765235687695,-5,08/12/2025 18:14:47,250842,10,task-y5i7,,51270075,670391e01385e6794f0eff25,14710098,,complete,,6938a58edf434b9f87cd0a5c,computer,Desktop or Laptop,Windows 10,Edge 142.0.0.0,1536x864,1528x698,day1done,,,Pic Recognition (2AFC),6,day1done,attention_pass,audio-Success,,,A,,,,,eligible,picRecog_A,picRecog_A,14,12,2,opt2,Zone1,content_audio,1636.2999999988824,,,0,,,,,,,1,recog-trial,tesdar.mp3,pungus.mp3,1,ride.PNG,tesdar,pungus
49,1765235701260,08/12/2025 23:15:01,1765235688115,-5,08/12/2025 18:14:48,250842,10,task-y5i7,,51270075,670391e01385e6794f0eff25,14710098,,complete,,6938a58edf434b9f87cd0a5c,computer,Desktop or Laptop,Windows 10,Edge 142.0.0.0,1536x864,1528x698,day1done,,,Pic Recognition (2AFC),6,day1done,attention_pass,audio-Success,,,A,,,,,eligible,picRecog_A,picRecog_A,14,12,3,response,Zone1,response_keyboard,396.5,,1,1,1,,,,,,1,recog-trial,tesdar.mp3,pungus.mp3,1,ride.PNG,tesdar,pungus
50,1765235702253,08/12/2025 23:15:02,1765235689102,-5,08/12/2025 18:14:49,250842,10,task-y5i7,,51270075,670391e01385e6794f0eff25,14710098,,complete,,6938a58edf434b9f87cd0a5c,computer,Desktop or Laptop,Windows 10,Edge 142.0.0.0,1536x864,1528x698,day1done,,,Pic Recognition (2AFC),6,day1done,attention_pass,audio-Success,,,A,,,,,eligible,picRecog_A,picRecog_A,14,12,4,ITI,Zone1,timelimit_screen,1001.0999999999985,,,0,,,,,1,,1,recog-trial,tesdar.mp3,pungus.mp3,1,ride.PNG,tesdar,pungus
51,1765235703929,08/12/2025 23:15:03,1765235690779,-5,08/12/2025 18:14:50,250842,10,task-y5i7,,51270075,670391e01385e6794f0eff25,14710098,,complete,,6938a58edf434b9f87cd0a5c,computer,Desktop or Laptop,Windows 10,Edge 142.0.0.0,1536x864,1528x698,day1done,,,Pic Recognition (2AFC),6,day1done,attention_pass,audio-Success,,,A,,,,,eligible,picRecog_A,picRecog_A,8,13,1,opt1,Zone1,content_audio,1619.5,,,0,,,,,,,1,recog-trial,peflin.mp3,regby.mp3,1,drink.PNG,peflin,regby
52,1765235705886,08/12/2025 23:15:05,1765235692440,-5,08/12/2025 18:14:52,250842,10,task-y5i7,,51270075,670391e01385e6794f0eff25,14710098,,complete,,6938a58edf434b9f87cd0a5c,computer,Desktop or Laptop,Windows 10,Edge 142.0.0.0,1536x864,1528x698,day1done,,,Pic Recognition (2AFC),6,day1done,attention_pass,audio-Success,,,A,,,,,eligible,picRecog_A,picRecog_A,8,13,2,opt2,Zone1,content_audio,1637.199999999255,,,0,,,,,,,1,recog-trial,peflin.mp3,regby.mp3,1,drink.PNG,peflin,regby
53,1765235706015,08/12/2025 23:15:06,1765235692762,-5,08/12/2025 18:14:52,250842,10,task-y5i7,,51270075,670391e01385e6794f0eff25,14710098,,complete,,6938a58edf434b9f87cd0a5c,computer,Desktop or Laptop,Windows 10,Edge 142.0.0.0,1536x864,1528x698,day1done,,,Pic Recognition (2AFC),6,day1done,attention_pass,audio-Success,,,A,,,,,eligible,picRecog_A,picRecog_A,8,13,3,response,Zone1,response_keyboard,298.90000000037253,,1,1,1,,,,,,1,recog-trial,peflin.mp3,regby.mp3,1,drink.PNG,peflin,regby
54,1765235706902,08/12/2025 23:15:06,1765235693756,-5,08/12/2025 18:14:53,250842,10,task-y5i7,,51270075,670391e01385e6794f0eff25,14710098,,complete,,6938a58edf434b9f87cd0a5c,computer,Desktop or Laptop,Windows 10,Edge 142.0.0.0,1536x864,1528x698,day1done,,,Pic Recognition (2AFC),6,day1done,attention_pass,audio-Success,,,A,,,,,eligible,picRecog_A,picRecog_A,8,13,4,ITI,Zone1,timelimit_screen,1000.8999999999942,,,0,,,,,1,,1,recog-trial,peflin.mp3,regby.mp3,1,drink.PNG,peflin,regby
55,1765235708521,08/12/2025 23:15:08,1765235695378,-5,08/12/2025 18:14:55,250842,10,task-y5i7,,51270075,670391e01385e6794f0eff25,14710098,,complete,,6938a58edf434b9f87cd0a5c,computer,Desktop or Laptop,Windows 10,Edge 142.0.0.0,1536x864,1528x698,day1done,,,Pic Recognition (2AFC),6,day1done,attention_pass,audio-Success,,,A,,,,,eligible,picRecog_A,picRecog_A,13,14,1,opt1,Zone1,content_audio,1588.800000000745,,,0,,,,,,,1,recog-trial,peflin.mp3,tabric.mp3,2,zookeeper.PNG,tabric,peflin
56,1765235710194,08/12/2025 23:15:10,1765235697038,-5,08/12/2025 18:14:57,250842,10,task-y5i7,,51270075,670391e01385e6794f0eff25,14710098,,complete,,6938a58edf434b9f87cd0a5c,computer,Desktop or Laptop,Windows 10,Edge 142.0.0.0,1536x864,1528x698,day1done,,,Pic Recognition (2AFC),6,day1done,attention_pass,audio-Success,,,A,,,,,eligible,picRecog_A,picRecog_A,13,14,2,opt2,Zone1,content_audio,1637,,,0,,,,,,,1,recog-trial,peflin.mp3,tabric.mp3,2,zookeeper.PNG,tabric,peflin
57,1765235711094,08/12/2025 23:15:11,1765235697950,-5,08/12/2025 18:14:57,250842,10,task-y5i7,,51270075,670391e01385e6794f0eff25,14710098,,complete,,6938a58edf434b9f87cd0a5c,computer,Desktop or Laptop,Windows 10,Edge 142.0.0.0,1536x864,1528x698,day1done,,,Pic Recognition (2AFC),6,day1done,attention_pass,audio-Success,,,A,,,,,eligible,picRecog_A,picRecog_A,13,14,3,response,Zone1,response_keyboard,888.8000000007451,,1,1,,,,,,,1,recog-trial,peflin.mp3,tabric.mp3,2,zookeeper.PNG,tabric,peflin
58,1765235712093,08/12/2025 23:15:12,1765235698944,-5,08/12/2025 18:14:58,250842,10,task-y5i7,,51270075,670391e01385e6794f0eff25,14710098,,complete,,6938a58edf434b9f87cd0a5c,computer,Desktop or Laptop,Windows 10,Edge 142.0.0.0,1536x864,1528x698,day1done,,,Pic Recognition (2AFC),6,day1done,attention_pass,audio-Success,,,A,,,,,eligible,picRecog_A,picRecog_A,13,14,4,ITI,Zone1,timelimit_screen,1001,,,0,,,,,1,,1,recog-trial,peflin.mp3,tabric.mp3,2,zookeeper.PNG,tabric,peflin
59,1765235713662,08/12/2025 23:15:13,1765235700518,-5,08/12/2025 18:15:00,250842,10,task-y5i7,,51270075,670391e01385e6794f0eff25,14710098,,complete,,6938a58edf434b9f87cd0a5c,computer,Desktop or Laptop,Windows 10,Edge 142.0.0.0,1536x864,1528x698,day1done,,,Pic Recognition (2AFC),6,day1done,attention_pass,audio-Success,,,A,,,,,eligible,picRecog_A,picRecog_A,9,15,1,opt1,Zone1,content_audio,1547.2999999988824,,,0,,,,,,,1,recog-trial,solly.mp3,pungus.mp3,2,dragon.PNG,pungus,solly
60,1765235715515,08/12/2025 23:15:15,1765235702099,-5,08/12/2025 18:15:02,250842,10,task-y5i7,,51270075,670391e01385e6794f0eff25,14710098,,complete,,6938a58edf434b9f87cd0a5c,computer,Desktop or Laptop,Windows 10,Edge 142.0.0.0,1536x864,1528x698,day1done,,,Pic Recognition (2AFC),6,day1done,attention_pass,audio-Success,,,A,,,,,eligible,picRecog_A,picRecog_A,9,15,2,opt2,Zone1,content_audio,1558.8999999985099,,,0,,,,,,,1,recog-trial,solly.mp3,pungus.mp3,2,dragon.PNG,pungus,solly
61,1765235715982,08/12/2025 23:15:15,1765235702837,-5,08/12/2025 18:15:02,250842,10,task-y5i7,,51270075,670391e01385e6794f0eff25,14710098,,complete,,6938a58edf434b9f87cd0a5c,computer,Desktop or Laptop,Windows 10,Edge 142.0.0.0,1536x864,1528x698,day1done,,,Pic Recognition (2AFC),6,day1done,attention_pass,audio-Success,,,A,,,,,eligible,picRecog_A,picRecog_A,9,15,3,response,Zone1,response_keyboard,715,,1,1,,,,,,,1,recog-trial,solly.mp3,pungus.mp3,2,dragon.PNG,pungus,solly
62,1765235716975,08/12/2025 23:15:16,1765235703833,-5,08/12/2025 18:15:03,250842,10,task-y5i7,,51270075,670391e01385e6794f0eff25,14710098,,complete,,6938a58edf434b9f87cd0a5c,computer,Desktop or Laptop,Windows 10,Edge 142.0.0.0,1536x864,1528x698,day1done,,,Pic Recognition (2AFC),6,day1done,attention_pass,audio-Success,,,A,,,,,eligible,picRecog_A,picRecog_A,9,15,4,ITI,Zone1,timelimit_screen,1001,,,0,,,,,1,,1,recog-trial,solly.mp3,pungus.mp3,2,dragon.PNG,pungus,solly
63,1765235718035,08/12/2025 23:15:18,1765235704893,-5,08/12/2025 18:15:04,250842,10,task-y5i7,,51270075,670391e01385e6794f0eff25,14710098,,complete,,6938a58edf434b9f87cd0a5c,computer,Desktop or Laptop,Windows 10,Edge 142.0.0.0,1536x864,1528x698,day1done,,,Pic Recognition (2AFC),6,day1done,attention_pass,audio-Success,,,A,,,,,eligible,picRecog_A,picRecog_A,17,1,1,Screen 1,advancementZone,continue_button,1038.0999999996275,,,0,,,,,,,,recog-Finish,,,,,,
64,1765235718152,08/12/2025 23:15:18,1765235704902,-5,08/12/2025 18:15:04,250842,10,task-y5i7,,51270075,670391e01385e6794f0eff25,14710098,,complete,,6938a58edf434b9f87cd0a5c,computer,Desktop or Laptop,Windows 10,Edge 142.0.0.0,1536x864,1528x698,day1done,,,Pic Recognition (2AFC),6,day1done,attention_pass,audio-Success,,,A,,,,,eligible,picRecog_A,,,END TASK,,,,,76995,,,,,,,,,,,,,,,,,
END OF FILE,,,,,,,,,,,,,,,,,,,,,,,,,,,,,,,,,,,,,,,,,,,,,,,,,,,,,,,,,,,,,,,,
