Event Index,UTC Timestamp,UTC Date and Time,Local Timestamp,Local Timezone,Local Date and Time,Experiment ID,Experiment Version,Tree Node Key,Repeat Key,Schedule ID,Participant Public ID,Participant Private ID,Participant Starting Group,Participant Status,Participant Completion Code,Participant External Session ID,Participant Device Type,Participant Device,Participant OS,Participant Browser,Participant Monitor Size,Participant Viewport Size,Checkpoint,Room ID,Room Order,Task Name,Task Version,checkpoint-eqdz,branch-m64g,branch-jfu9,branch-n4qm,branch-vz7v,randomiser-q5z8,branch-gyqg,branch-lrfh,checkpoint-pq3t,checkpoint-p1b9,branch-pusb,Manipulation: Spreadsheet,Spreadsheet Name,Spreadsheet Row,Trial Number,Screen Number,Screen Name,Zone Name,Zone Type,Reaction Time,Reaction Onset,Response,Attempt,Correct,Dishonest,X Coordinate,Y Coordinate,Timed Out,randomise_blocks,randomise_trials,display,audio_cue,item,written_cue
1,1765320092449,09/12/2025 22:41:32,1765320079216,-5,09/12/2025 17:41:19,250842,10,task-6wul,,51307383,670391e01385e6794f0eff25,14710098,,complete,,6938a58edf434b9f87cd0a5c,computer,Desktop or Laptop,Windows 10,Edge 143.0.0.0,1536x864,1528x698,day1done,,,Stem completion (no orth),8,day1done,attention_pass,audio-Success,,,A,,,,,eligible,stemCompletion_all,,,BEGIN TASK,,,,,,,,,,,,,,,,,,,
2,1765320094488,09/12/2025 22:41:34,1765320081313,-5,09/12/2025 17:41:21,250842,10,task-6wul,,51307383,670391e01385e6794f0eff25,14710098,,complete,,6938a58edf434b9f87cd0a5c,computer,Desktop or Laptop,Windows 10,Edge 143.0.0.0,1536x864,1528x698,day1done,,,Stem completion (no orth),8,day1done,attention_pass,audio-Success,,,A,,,,,eligible,stemCompletion_all,stemCompletion_all,1,1,1,Screen 1,advancementZone,continue_button,1996.9000000059605,,,0,,,,,,,,microphoneCheck,,,
3,1765320115907,09/12/2025 22:41:55,1765320102718,-5,09/12/2025 17:41:42,250842,10,task-6wul,,51307383,670391e01385e6794f0eff25,14710098,,complete,,6938a58edf434b9f87cd0a5c,computer,Desktop or Laptop,Windows 10,Edge 143.0.0.0,1536x864,1528x698,day1done,,,Stem completion (no orth),8,day1done,attention_pass,audio-Success,,,A,,,,,eligible,stemCompletion_all,stemCompletion_all,1,1,2,Screen 2,Zone3,continue_button,21374.90000000596,,,0,,,,,,,,microphoneCheck,,,
4,1765320122627,09/12/2025 22:42:02,1765320109462,-5,09/12/2025 17:41:49,250842,10,task-6wul,,51307383,670391e01385e6794f0eff25,14710098,,complete,,6938a58edf434b9f87cd0a5c,computer,Desktop or Laptop,Windows 10,Edge 143.0.0.0,1536x864,1528x698,day1done,,,Stem completion (no orth),8,day1done,attention_pass,audio-Success,,,A,,,,,eligible,stemCompletion_all,stemCompletion_all,1,1,3,Screen 3,Zone1,audio_recording,6705,,STARTED RECORDING,0,,,,,,,,microphoneCheck,,,
5,1765320127926,09/12/2025 22:42:07,1765320114479,-5,09/12/2025 17:41:54,250842,10,task-6wul,,51307383,670391e01385e6794f0eff25,14710098,,complete,,6938a58edf434b9f87cd0a5c,computer,Desktop or Laptop,Windows 10,Edge 143.0.0.0,1536x864,1528x698,day1done,,,Stem completion (no orth),8,day1done,attention_pass,audio-Success,,,A,,,,,eligible,stemCompletion_all,stemCompletion_all,1,1,3,Screen 3,Zone1,audio_recording,11722.39999999106,,STOPPED RECORDING,0,,,,,,,,microphoneCheck,,,
6,1765320128054,09/12/2025 22:42:08,1765320114485,-5,09/12/2025 17:41:54,250842,10,task-6wul,,51307383,670391e01385e6794f0eff25,14710098,,complete,,6938a58edf434b9f87cd0a5c,computer,Desktop or Laptop,Windows 10,Edge 143.0.0.0,1536x864,1528x698,day1done,,,Stem completion (no orth),8,day1done,attention_pass,audio-Success,,,A,,,,,eligible,stemCompletion_all,stemCompletion_all,1,1,3,Screen 3,Zone1,audio_recording,11728.59999999404,,TRANSCODING START,0,,,,,,,,microphoneCheck,,,
7,1765320128924,09/12/2025 22:42:08,1765320115727,-5,09/12/2025 17:41:55,250842,10,task-6wul,,51307383,670391e01385e6794f0eff25,14710098,,complete,,6938a58edf434b9f87cd0a5c,computer,Desktop or Laptop,Windows 10,Edge 143.0.0.0,1536x864,1528x698,day1done,,,Stem completion (no orth),8,day1done,attention_pass,audio-Success,,,A,,,,,eligible,stemCompletion_all,stemCompletion_all,1,1,3,Screen 3,Zone1,audio_recording,12970.5,,TRANSCODING FINISH,0,,,,,,,,microphoneCheck,,,
8,1765320129048,09/12/2025 22:42:09,1765320115733,-5,09/12/2025 17:41:55,250842,10,task-6wul,,51307383,670391e01385e6794f0eff25,14710098,,complete,,6938a58edf434b9f87cd0a5c,computer,Desktop or Laptop,Windows 10,Edge 143.0.0.0,1536x864,1528x698,day1done,,,Stem completion (no orth),8,day1done,attention_pass,audio-Success,,,A,,,,,eligible,stemCompletion_all,stemCompletion_all,1,1,3,Screen 3,Zone1,audio_recording,12975.79999999702,,250842-10-14710098-task-6wul-51307383-test-0-3.mp3,0,,,,,,,,microphoneCheck,,,
9,1765320129048,09/12/2025 22:42:09,1765320115733,-5,09/12/2025 17:41:55,250842,10,task-6wul,,51307383,670391e01385e6794f0eff25,14710098,,complete,,6938a58edf434b9f87cd0a5c,computer,Desktop or Laptop,Windows 10,Edge 143.0.0.0,1536x864,1528x698,day1done,,,Stem completion (no orth),8,day1done,attention_pass,audio-Success,,,A,,,,,eligible,stemCompletion_all,stemCompletion_all,1,1,3,Screen 3,Zone1,audio_recording,12976.199999988079,,https://app.gorilla.sc/uploads/schedule/51307383?filename=test-0-3.mp3,0,,,,,,,,microphoneCheck,,,
10,1765320129048,09/12/2025 22:42:09,1765320115736,-5,09/12/2025 17:41:55,250842,10,task-6wul,,51307383,670391e01385e6794f0eff25,14710098,,complete,,6938a58edf434b9f87cd0a5c,computer,Desktop or Laptop,Windows 10,Edge 143.0.0.0,1536x864,1528x698,day1done,,,Stem completion (no orth),8,day1done,attention_pass,audio-Success,,,A,,,,,eligible,stemCompletion_all,stemCompletion_all,1,1,3,Screen 3,Zone1,audio_recording,12979.29999999702,,,0,,,,,,,,microphoneCheck,,,
11,1765320134243,09/12/2025 22:42:14,1765320121072,-5,09/12/2025 17:42:01,250842,10,task-6wul,,51307383,670391e01385e6794f0eff25,14710098,,complete,,6938a58edf434b9f87cd0a5c,computer,Desktop or Laptop,Windows 10,Edge 143.0.0.0,1536x864,1528x698,day1done,,,Stem completion (no orth),8,day1done,attention_pass,audio-Success,,,A,,,,,eligible,stemCompletion_all,stemCompletion_all,2,1,1,Screen 1,advancementZone,continue_button,5311.5999999940395,,,0,,,,,,,,StemComp-Instructions,,,
12,1765320148488,09/12/2025 22:42:28,1765320135039,-5,09/12/2025 17:42:15,250842,10,task-6wul,,51307383,670391e01385e6794f0eff25,14710098,,complete,,6938a58edf434b9f87cd0a5c,computer,Desktop or Laptop,Windows 10,Edge 143.0.0.0,1536x864,1528x698,day1done,,,Stem completion (no orth),8,day1done,attention_pass,audio-Success,,,A,,,,,eligible,stemCompletion_all,stemCompletion_all,2,1,2,Screen 2,advancementZone,continue_button,13893.70000000298,,,0,,,,,,,,StemComp-Instructions,,,
13,1765320149690,09/12/2025 22:42:29,1765320136526,-5,09/12/2025 17:42:16,250842,10,task-6wul,,51307383,670391e01385e6794f0eff25,14710098,,complete,,6938a58edf434b9f87cd0a5c,computer,Desktop or Laptop,Windows 10,Edge 143.0.0.0,1536x864,1528x698,day1done,,,Stem completion (no orth),8,day1done,attention_pass,audio-Success,,,A,,,,,eligible,stemCompletion_all,stemCompletion_all,13,1,1,Screen 3,Zone1,timelimit_screen,1501.5,,,0,,,,,1,,1,stemComp,nu.mp3,nusty,NU____
14,1765320151300,09/12/2025 22:42:31,1765320138123,-5,09/12/2025 17:42:18,250842,10,task-6wul,,51307383,670391e01385e6794f0eff25,14710098,,complete,,6938a58edf434b9f87cd0a5c,computer,Desktop or Laptop,Windows 10,Edge 143.0.0.0,1536x864,1528x698,day1done,,,Stem completion (no orth),8,day1done,attention_pass,audio-Success,,,A,,,,,eligible,stemCompletion_all,stemCompletion_all,13,1,2,Screen 1,audioCue,content_audio,1577.0999999940395,,,0,,,,,,,1,stemComp,nu.mp3,nusty,NU____
15,1765320151405,09/12/2025 22:42:31,1765320138191,-5,09/12/2025 17:42:18,250842,10,task-6wul,,51307383,670391e01385e6794f0eff25,14710098,,complete,,6938a58edf434b9f87cd0a5c,computer,Desktop or Laptop,Windows 10,Edge 143.0.0.0,1536x864,1528x698,day1done,,,Stem completion (no orth),8,day1done,attention_pass,audio-Success,,,A,,,,,eligible,stemCompletion_all,stemCompletion_all,13,1,3,Screen 2,advancementZone,audio_recording,46.900000005960464,,STARTED RECORDING,0,,,,,,,1,stemComp,nu.mp3,nusty,NU____
16,1765320160438,09/12/2025 22:42:40,1765320146978,-5,09/12/2025 17:42:26,250842,10,task-6wul,,51307383,670391e01385e6794f0eff25,14710098,,complete,,6938a58edf434b9f87cd0a5c,computer,Desktop or Laptop,Windows 10,Edge 143.0.0.0,1536x864,1528x698,day1done,,,Stem completion (no orth),8,day1done,attention_pass,audio-Success,,,A,,,,,eligible,stemCompletion_all,stemCompletion_all,13,1,3,Screen 2,Zone1,continue_button,8823.90000000596,,,0,,,,,,,1,stemComp,nu.mp3,nusty,NU____
17,1765320160568,09/12/2025 22:42:40,1765320147095,-5,09/12/2025 17:42:27,250842,10,task-6wul,,51307383,670391e01385e6794f0eff25,14710098,,complete,,6938a58edf434b9f87cd0a5c,computer,Desktop or Laptop,Windows 10,Edge 143.0.0.0,1536x864,1528x698,day1done,,,Stem completion (no orth),8,day1done,attention_pass,audio-Success,,,A,,,,,eligible,stemCompletion_all,stemCompletion_all,13,1,3,Screen 2,advancementZone,audio_recording,8951.79999999702,,STOPPED RECORDING,0,,,,,,,1,stemComp,nu.mp3,nusty,NU____
18,1765320160568,09/12/2025 22:42:40,1765320147098,-5,09/12/2025 17:42:27,250842,10,task-6wul,,51307383,670391e01385e6794f0eff25,14710098,,complete,,6938a58edf434b9f87cd0a5c,computer,Desktop or Laptop,Windows 10,Edge 143.0.0.0,1536x864,1528x698,day1done,,,Stem completion (no orth),8,day1done,attention_pass,audio-Success,,,A,,,,,eligible,stemCompletion_all,stemCompletion_all,13,1,3,Screen 2,advancementZone,audio_recording,8954.10000000894,,TRANSCODING START,0,,,,,,,1,stemComp,nu.mp3,nusty,NU____
19,1765320161418,09/12/2025 22:42:41,1765320148252,-5,09/12/2025 17:42:28,250842,10,task-6wul,,51307383,670391e01385e6794f0eff25,14710098,,complete,,6938a58edf434b9f87cd0a5c,computer,Desktop or Laptop,Windows 10,Edge 143.0.0.0,1536x864,1528x698,day1done,,,Stem completion (no orth),8,day1done,attention_pass,audio-Success,,,A,,,,,eligible,stemCompletion_all,stemCompletion_all,13,1,3,Screen 2,advancementZone,audio_recording,788.8000000119209,,TRANSCODING FINISH,0,,,,,,,1,stemComp,nu.mp3,nusty,NU____
20,1765320161532,09/12/2025 22:42:41,1765320148256,-5,09/12/2025 17:42:28,250842,10,task-6wul,,51307383,670391e01385e6794f0eff25,14710098,,complete,,6938a58edf434b9f87cd0a5c,computer,Desktop or Laptop,Windows 10,Edge 143.0.0.0,1536x864,1528x698,day1done,,,Stem completion (no orth),8,day1done,attention_pass,audio-Success,,,A,,,,,eligible,stemCompletion_all,stemCompletion_all,13,1,3,Screen 2,advancementZone,audio_recording,793.4000000059605,,250842-10-14710098-task-6wul-51307383-nusty-2-3.mp3,0,,,,,,,1,stemComp,nu.mp3,nusty,NU____
21,1765320161532,09/12/2025 22:42:41,1765320148257,-5,09/12/2025 17:42:28,250842,10,task-6wul,,51307383,670391e01385e6794f0eff25,14710098,,complete,,6938a58edf434b9f87cd0a5c,computer,Desktop or Laptop,Windows 10,Edge 143.0.0.0,1536x864,1528x698,day1done,,,Stem completion (no orth),8,day1done,attention_pass,audio-Success,,,A,,,,,eligible,stemCompletion_all,stemCompletion_all,13,1,3,Screen 2,advancementZone,audio_recording,793.7000000029802,,https://app.gorilla.sc/uploads/schedule/51307383?filename=nusty-2-3.mp3,0,,,,,,,1,stemComp,nu.mp3,nusty,NU____
22,1765320162115,09/12/2025 22:42:42,1765320148953,-5,09/12/2025 17:42:28,250842,10,task-6wul,,51307383,670391e01385e6794f0eff25,14710098,,complete,,6938a58edf434b9f87cd0a5c,computer,Desktop or Laptop,Windows 10,Edge 143.0.0.0,1536x864,1528x698,day1done,,,Stem completion (no orth),8,day1done,attention_pass,audio-Success,,,A,,,,,eligible,stemCompletion_all,stemCompletion_all,8,2,1,Screen 3,Zone1,timelimit_screen,1501.800000000003,,,0,,,,,1,,1,stemComp,re.mp3,regby,RE___
23,1765320163679,09/12/2025 22:42:43,1765320150510,-5,09/12/2025 17:42:30,250842,10,task-6wul,,51307383,670391e01385e6794f0eff25,14710098,,complete,,6938a58edf434b9f87cd0a5c,computer,Desktop or Laptop,Windows 10,Edge 143.0.0.0,1536x864,1528x698,day1done,,,Stem completion (no orth),8,day1done,attention_pass,audio-Success,,,A,,,,,eligible,stemCompletion_all,stemCompletion_all,8,2,2,Screen 1,audioCue,content_audio,1549.7999999970198,,,0,,,,,,,1,stemComp,re.mp3,regby,RE___
24,1765320163803,09/12/2025 22:42:43,1765320150585,-5,09/12/2025 17:42:30,250842,10,task-6wul,,51307383,670391e01385e6794f0eff25,14710098,,complete,,6938a58edf434b9f87cd0a5c,computer,Desktop or Laptop,Windows 10,Edge 143.0.0.0,1536x864,1528x698,day1done,,,Stem completion (no orth),8,day1done,attention_pass,audio-Success,,,A,,,,,eligible,stemCompletion_all,stemCompletion_all,8,2,3,Screen 2,advancementZone,audio_recording,54.79999999701977,,STARTED RECORDING,0,,,,,,,1,stemComp,re.mp3,regby,RE___
25,1765320166258,09/12/2025 22:42:46,1765320153084,-5,09/12/2025 17:42:33,250842,10,task-6wul,,51307383,670391e01385e6794f0eff25,14710098,,complete,,6938a58edf434b9f87cd0a5c,computer,Desktop or Laptop,Windows 10,Edge 143.0.0.0,1536x864,1528x698,day1done,,,Stem completion (no orth),8,day1done,attention_pass,audio-Success,,,A,,,,,eligible,stemCompletion_all,stemCompletion_all,8,2,3,Screen 2,Zone1,continue_button,2546.5,,,0,,,,,,,1,stemComp,re.mp3,regby,RE___
26,1765320166381,09/12/2025 22:42:46,1765320153169,-5,09/12/2025 17:42:33,250842,10,task-6wul,,51307383,670391e01385e6794f0eff25,14710098,,complete,,6938a58edf434b9f87cd0a5c,computer,Desktop or Laptop,Windows 10,Edge 143.0.0.0,1536x864,1528x698,day1done,,,Stem completion (no orth),8,day1done,attention_pass,audio-Success,,,A,,,,,eligible,stemCompletion_all,stemCompletion_all,8,2,3,Screen 2,advancementZone,audio_recording,2638.9000000059605,,STOPPED RECORDING,0,,,,,,,1,stemComp,re.mp3,regby,RE___
27,1765320166381,09/12/2025 22:42:46,1765320153171,-5,09/12/2025 17:42:33,250842,10,task-6wul,,51307383,670391e01385e6794f0eff25,14710098,,complete,,6938a58edf434b9f87cd0a5c,computer,Desktop or Laptop,Windows 10,Edge 143.0.0.0,1536x864,1528x698,day1done,,,Stem completion (no orth),8,day1done,attention_pass,audio-Success,,,A,,,,,eligible,stemCompletion_all,stemCompletion_all,8,2,3,Screen 2,advancementZone,audio_recording,2640.9000000059605,,TRANSCODING START,0,,,,,,,1,stemComp,re.mp3,regby,RE___
28,1765320166924,09/12/2025 22:42:46,1765320153759,-5,09/12/2025 17:42:33,250842,10,task-6wul,,51307383,670391e01385e6794f0eff25,14710098,,complete,,6938a58edf434b9f87cd0a5c,computer,Desktop or Laptop,Windows 10,Edge 143.0.0.0,1536x864,1528x698,day1done,,,Stem completion (no orth),8,day1done,attention_pass,audio-Success,,,A,,,,,eligible,stemCompletion_all,stemCompletion_all,8,2,3,Screen 2,advancementZone,audio_recording,170.09999999403954,,TRANSCODING FINISH,0,,,,,,,1,stemComp,re.mp3,regby,RE___
29,1765320167037,09/12/2025 22:42:47,1765320153763,-5,09/12/2025 17:42:33,250842,10,task-6wul,,51307383,670391e01385e6794f0eff25,14710098,,complete,,6938a58edf434b9f87cd0a5c,computer,Desktop or Laptop,Windows 10,Edge 143.0.0.0,1536x864,1528x698,day1done,,,Stem completion (no orth),8,day1done,attention_pass,audio-Success,,,A,,,,,eligible,stemCompletion_all,stemCompletion_all,8,2,3,Screen 2,advancementZone,audio_recording,174,,250842-10-14710098-task-6wul-51307383-regby-3-3.mp3,0,,,,,,,1,stemComp,re.mp3,regby,RE___
30,1765320167037,09/12/2025 22:42:47,1765320153763,-5,09/12/2025 17:42:33,250842,10,task-6wul,,51307383,670391e01385e6794f0eff25,14710098,,complete,,6938a58edf434b9f87cd0a5c,computer,Desktop or Laptop,Windows 10,Edge 143.0.0.0,1536x864,1528x698,day1done,,,Stem completion (no orth),8,day1done,attention_pass,audio-Success,,,A,,,,,eligible,stemCompletion_all,stemCompletion_all,8,2,3,Screen 2,advancementZone,audio_recording,174.40000000596046,,https://app.gorilla.sc/uploads/schedule/51307383?filename=regby-3-3.mp3,0,,,,,,,1,stemComp,re.mp3,regby,RE___
31,1765320168503,09/12/2025 22:42:48,1765320155076,-5,09/12/2025 17:42:35,250842,10,task-6wul,,51307383,670391e01385e6794f0eff25,14710098,,complete,,6938a58edf434b9f87cd0a5c,computer,Desktop or Laptop,Windows 10,Edge 143.0.0.0,1536x864,1528x698,day1done,,,Stem completion (no orth),8,day1done,attention_pass,audio-Success,,,A,,,,,eligible,stemCompletion_all,stemCompletion_all,6,3,1,Screen 3,Zone1,timelimit_screen,1501.5,,,0,,,,,1,,1,stemComp,ta.mp3,tabric,TA____
32,1765320169840,09/12/2025 22:42:49,1765320156671,-5,09/12/2025 17:42:36,250842,10,task-6wul,,51307383,670391e01385e6794f0eff25,14710098,,complete,,6938a58edf434b9f87cd0a5c,computer,Desktop or Laptop,Windows 10,Edge 143.0.0.0,1536x864,1528x698,day1done,,,Stem completion (no orth),8,day1done,attention_pass,audio-Success,,,A,,,,,eligible,stemCompletion_all,stemCompletion_all,6,3,2,Screen 1,audioCue,content_audio,1589.2000000029802,,,0,,,,,,,1,stemComp,ta.mp3,tabric,TA____
33,1765320169968,09/12/2025 22:42:49,1765320156785,-5,09/12/2025 17:42:36,250842,10,task-6wul,,51307383,670391e01385e6794f0eff25,14710098,,complete,,6938a58edf434b9f87cd0a5c,computer,Desktop or Laptop,Windows 10,Edge 143.0.0.0,1536x864,1528x698,day1done,,,Stem completion (no orth),8,day1done,attention_pass,audio-Success,,,A,,,,,eligible,stemCompletion_all,stemCompletion_all,6,3,3,Screen 2,advancementZone,audio_recording,93.5,,STARTED RECORDING,0,,,,,,,1,stemComp,ta.mp3,tabric,TA____
34,1765320172439,09/12/2025 22:42:52,1765320159272,-5,09/12/2025 17:42:39,250842,10,task-6wul,,51307383,670391e01385e6794f0eff25,14710098,,complete,,6938a58edf434b9f87cd0a5c,computer,Desktop or Laptop,Windows 10,Edge 143.0.0.0,1536x864,1528x698,day1done,,,Stem completion (no orth),8,day1done,attention_pass,audio-Success,,,A,,,,,eligible,stemCompletion_all,stemCompletion_all,6,3,3,Screen 2,Zone1,continue_button,2572,,,0,,,,,,,1,stemComp,ta.mp3,tabric,TA____
35,1765320172564,09/12/2025 22:42:52,1765320159353,-5,09/12/2025 17:42:39,250842,10,task-6wul,,51307383,670391e01385e6794f0eff25,14710098,,complete,,6938a58edf434b9f87cd0a5c,computer,Desktop or Laptop,Windows 10,Edge 143.0.0.0,1536x864,1528x698,day1done,,,Stem completion (no orth),8,day1done,attention_pass,audio-Success,,,A,,,,,eligible,stemCompletion_all,stemCompletion_all,6,3,3,Screen 2,advancementZone,audio_recording,2661.9000000059605,,STOPPED RECORDING,0,,,,,,,1,stemComp,ta.mp3,tabric,TA____
36,1765320172564,09/12/2025 22:42:52,1765320159355,-5,09/12/2025 17:42:39,250842,10,task-6wul,,51307383,670391e01385e6794f0eff25,14710098,,complete,,6938a58edf434b9f87cd0a5c,computer,Desktop or Laptop,Windows 10,Edge 143.0.0.0,1536x864,1528x698,day1done,,,Stem completion (no orth),8,day1done,attention_pass,audio-Success,,,A,,,,,eligible,stemCompletion_all,stemCompletion_all,6,3,3,Screen 2,advancementZone,audio_recording,2663.7999999970198,,TRANSCODING START,0,,,,,,,1,stemComp,ta.mp3,tabric,TA____
37,1765320173221,09/12/2025 22:42:53,1765320160053,-5,09/12/2025 17:42:40,250842,10,task-6wul,,51307383,670391e01385e6794f0eff25,14710098,,complete,,6938a58edf434b9f87cd0a5c,computer,Desktop or Laptop,Windows 10,Edge 143.0.0.0,1536x864,1528x698,day1done,,,Stem completion (no orth),8,day1done,attention_pass,audio-Success,,,A,,,,,eligible,stemCompletion_all,stemCompletion_all,6,3,3,Screen 2,advancementZone,audio_recording,284.1000000089407,,TRANSCODING FINISH,0,,,,,,,1,stemComp,ta.mp3,tabric,TA____
38,1765320173346,09/12/2025 22:42:53,1765320160058,-5,09/12/2025 17:42:40,250842,10,task-6wul,,51307383,670391e01385e6794f0eff25,14710098,,complete,,6938a58edf434b9f87cd0a5c,computer,Desktop or Laptop,Windows 10,Edge 143.0.0.0,1536x864,1528x698,day1done,,,Stem completion (no orth),8,day1done,attention_pass,audio-Success,,,A,,,,,eligible,stemCompletion_all,stemCompletion_all,6,3,3,Screen 2,advancementZone,audio_recording,288.40000000596046,,250842-10-14710098-task-6wul-51307383-tabric-4-3.mp3,0,,,,,,,1,stemComp,ta.mp3,tabric,TA____
39,1765320173346,09/12/2025 22:42:53,1765320160058,-5,09/12/2025 17:42:40,250842,10,task-6wul,,51307383,670391e01385e6794f0eff25,14710098,,complete,,6938a58edf434b9f87cd0a5c,computer,Desktop or Laptop,Windows 10,Edge 143.0.0.0,1536x864,1528x698,day1done,,,Stem completion (no orth),8,day1done,attention_pass,audio-Success,,,A,,,,,eligible,stemCompletion_all,stemCompletion_all,6,3,3,Screen 2,advancementZone,audio_recording,288.79999999701977,,https://app.gorilla.sc/uploads/schedule/51307383?filename=tabric-4-3.mp3,0,,,,,,,1,stemComp,ta.mp3,tabric,TA____
40,1765320174413,09/12/2025 22:42:54,1765320161250,-5,09/12/2025 17:42:41,250842,10,task-6wul,,51307383,670391e01385e6794f0eff25,14710098,,complete,,6938a58edf434b9f87cd0a5c,computer,Desktop or Laptop,Windows 10,Edge 143.0.0.0,1536x864,1528x698,day1done,,,Stem completion (no orth),8,day1done,attention_pass,audio-Success,,,A,,,,,eligible,stemCompletion_all,stemCompletion_all,16,4,1,Screen 3,Zone1,timelimit_screen,1501.5999999999913,,,0,,,,,1,,1,stemComp,de.mp3,dester,DE____
41,1765320176003,09/12/2025 22:42:56,1765320162831,-5,09/12/2025 17:42:42,250842,10,task-6wul,,51307383,670391e01385e6794f0eff25,14710098,,complete,,6938a58edf434b9f87cd0a5c,computer,Desktop or Laptop,Windows 10,Edge 143.0.0.0,1536x864,1528x698,day1done,,,Stem completion (no orth),8,day1done,attention_pass,audio-Success,,,A,,,,,eligible,stemCompletion_all,stemCompletion_all,16,4,2,Screen 1,audioCue,content_audio,1562.7000000029802,,,0,,,,,,,1,stemComp,de.mp3,dester,DE____
42,1765320176161,09/12/2025 22:42:56,1765320162981,-5,09/12/2025 17:42:42,250842,10,task-6wul,,51307383,670391e01385e6794f0eff25,14710098,,complete,,6938a58edf434b9f87cd0a5c,computer,Desktop or Laptop,Windows 10,Edge 143.0.0.0,1536x864,1528x698,day1done,,,Stem completion (no orth),8,day1done,attention_pass,audio-Success,,,A,,,,,eligible,stemCompletion_all,stemCompletion_all,16,4,3,Screen 2,advancementZone,audio_recording,130.5,,STARTED RECORDING,0,,,,,,,1,stemComp,de.mp3,dester,DE____
43,1765320179089,09/12/2025 22:42:59,1765320165648,-5,09/12/2025 17:42:45,250842,10,task-6wul,,51307383,670391e01385e6794f0eff25,14710098,,complete,,6938a58edf434b9f87cd0a5c,computer,Desktop or Laptop,Windows 10,Edge 143.0.0.0,1536x864,1528x698,day1done,,,Stem completion (no orth),8,day1done,attention_pass,audio-Success,,,A,,,,,eligible,stemCompletion_all,stemCompletion_all,16,4,3,Screen 2,Zone1,continue_button,2790.7000000029802,,,0,,,,,,,1,stemComp,de.mp3,dester,DE____
44,1765320179197,09/12/2025 22:42:59,1765320165730,-5,09/12/2025 17:42:45,250842,10,task-6wul,,51307383,670391e01385e6794f0eff25,14710098,,complete,,6938a58edf434b9f87cd0a5c,computer,Desktop or Laptop,Windows 10,Edge 143.0.0.0,1536x864,1528x698,day1done,,,Stem completion (no orth),8,day1done,attention_pass,audio-Success,,,A,,,,,eligible,stemCompletion_all,stemCompletion_all,16,4,3,Screen 2,advancementZone,audio_recording,2879.3999999910593,,STOPPED RECORDING,0,,,,,,,1,stemComp,de.mp3,dester,DE____
45,1765320179197,09/12/2025 22:42:59,1765320165733,-5,09/12/2025 17:42:45,250842,10,task-6wul,,51307383,670391e01385e6794f0eff25,14710098,,complete,,6938a58edf434b9f87cd0a5c,computer,Desktop or Laptop,Windows 10,Edge 143.0.0.0,1536x864,1528x698,day1done,,,Stem completion (no orth),8,day1done,attention_pass,audio-Success,,,A,,,,,eligible,stemCompletion_all,stemCompletion_all,16,4,3,Screen 2,advancementZone,audio_recording,2882,,TRANSCODING START,0,,,,,,,1,stemComp,de.mp3,dester,DE____
46,1765320179645,09/12/2025 22:42:59,1765320166480,-5,09/12/2025 17:42:46,250842,10,task-6wul,,51307383,670391e01385e6794f0eff25,14710098,,complete,,6938a58edf434b9f87cd0a5c,computer,Desktop or Laptop,Windows 10,Edge 143.0.0.0,1536x864,1528x698,day1done,,,Stem completion (no orth),8,day1done,attention_pass,audio-Success,,,A,,,,,eligible,stemCompletion_all,stemCompletion_all,16,4,3,Screen 2,advancementZone,audio_recording,330.59999999403954,,TRANSCODING FINISH,0,,,,,,,1,stemComp,de.mp3,dester,DE____
47,1765320179778,09/12/2025 22:42:59,1765320166484,-5,09/12/2025 17:42:46,250842,10,task-6wul,,51307383,670391e01385e6794f0eff25,14710098,,complete,,6938a58edf434b9f87cd0a5c,computer,Desktop or Laptop,Windows 10,Edge 143.0.0.0,1536x864,1528x698,day1done,,,Stem completion (no orth),8,day1done,attention_pass,audio-Success,,,A,,,,,eligible,stemCompletion_all,stemCompletion_all,16,4,3,Screen 2,advancementZone,audio_recording,334.59999999403954,,250842-10-14710098-task-6wul-51307383-dester-5-3.mp3,0,,,,,,,1,stemComp,de.mp3,dester,DE____
48,1765320179778,09/12/2025 22:42:59,1765320166485,-5,09/12/2025 17:42:46,250842,10,task-6wul,,51307383,670391e01385e6794f0eff25,14710098,,complete,,6938a58edf434b9f87cd0a5c,computer,Desktop or Laptop,Windows 10,Edge 143.0.0.0,1536x864,1528x698,day1done,,,Stem completion (no orth),8,day1done,attention_pass,audio-Success,,,A,,,,,eligible,stemCompletion_all,stemCompletion_all,16,4,3,Screen 2,advancementZone,audio_recording,335,,https://app.gorilla.sc/uploads/schedule/51307383?filename=dester-5-3.mp3,0,,,,,,,1,stemComp,de.mp3,dester,DE____
49,1765320180802,09/12/2025 22:43:00,1765320167639,-5,09/12/2025 17:42:47,250842,10,task-6wul,,51307383,670391e01385e6794f0eff25,14710098,,complete,,6938a58edf434b9f87cd0a5c,computer,Desktop or Laptop,Windows 10,Edge 143.0.0.0,1536x864,1528x698,day1done,,,Stem completion (no orth),8,day1done,attention_pass,audio-Success,,,A,,,,,eligible,stemCompletion_all,stemCompletion_all,14,5,1,Screen 3,Zone1,timelimit_screen,1501.6000000000058,,,0,,,,,1,,1,stemComp,mo.mp3,mowel,MO___
50,1765320182379,09/12/2025 22:43:02,1765320169210,-5,09/12/2025 17:42:49,250842,10,task-6wul,,51307383,670391e01385e6794f0eff25,14710098,,complete,,6938a58edf434b9f87cd0a5c,computer,Desktop or Laptop,Windows 10,Edge 143.0.0.0,1536x864,1528x698,day1done,,,Stem completion (no orth),8,day1done,attention_pass,audio-Success,,,A,,,,,eligible,stemCompletion_all,stemCompletion_all,14,5,2,Screen 1,audioCue,content_audio,1552.3999999910593,,,0,,,,,,,1,stemComp,mo.mp3,mowel,MO___
51,1765320182808,09/12/2025 22:43:02,1765320169339,-5,09/12/2025 17:42:49,250842,10,task-6wul,,51307383,670391e01385e6794f0eff25,14710098,,complete,,6938a58edf434b9f87cd0a5c,computer,Desktop or Laptop,Windows 10,Edge 143.0.0.0,1536x864,1528x698,day1done,,,Stem completion (no orth),8,day1done,attention_pass,audio-Success,,,A,,,,,eligible,stemCompletion_all,stemCompletion_all,14,5,3,Screen 2,advancementZone,audio_recording,109.40000000596046,,STARTED RECORDING,0,,,,,,,1,stemComp,mo.mp3,mowel,MO___
52,1765320185960,09/12/2025 22:43:05,1765320172788,-5,09/12/2025 17:42:52,250842,10,task-6wul,,51307383,670391e01385e6794f0eff25,14710098,,complete,,6938a58edf434b9f87cd0a5c,computer,Desktop or Laptop,Windows 10,Edge 143.0.0.0,1536x864,1528x698,day1done,,,Stem completion (no orth),8,day1done,attention_pass,audio-Success,,,A,,,,,eligible,stemCompletion_all,stemCompletion_all,14,5,3,Screen 2,Zone1,continue_button,3551.2999999970198,,,0,,,,,,,1,stemComp,mo.mp3,mowel,MO___
53,1765320186109,09/12/2025 22:43:06,1765320172869,-5,09/12/2025 17:42:52,250842,10,task-6wul,,51307383,670391e01385e6794f0eff25,14710098,,complete,,6938a58edf434b9f87cd0a5c,computer,Desktop or Laptop,Windows 10,Edge 143.0.0.0,1536x864,1528x698,day1done,,,Stem completion (no orth),8,day1done,attention_pass,audio-Success,,,A,,,,,eligible,stemCompletion_all,stemCompletion_all,14,5,3,Screen 2,advancementZone,audio_recording,3639.5999999940395,,STOPPED RECORDING,0,,,,,,,1,stemComp,mo.mp3,mowel,MO___
54,1765320186109,09/12/2025 22:43:06,1765320172872,-5,09/12/2025 17:42:52,250842,10,task-6wul,,51307383,670391e01385e6794f0eff25,14710098,,complete,,6938a58edf434b9f87cd0a5c,computer,Desktop or Laptop,Windows 10,Edge 143.0.0.0,1536x864,1528x698,day1done,,,Stem completion (no orth),8,day1done,attention_pass,audio-Success,,,A,,,,,eligible,stemCompletion_all,stemCompletion_all,14,5,3,Screen 2,advancementZone,audio_recording,3642.5,,TRANSCODING START,0,,,,,,,1,stemComp,mo.mp3,mowel,MO___
55,1765320186698,09/12/2025 22:43:06,1765320173534,-5,09/12/2025 17:42:53,250842,10,task-6wul,,51307383,670391e01385e6794f0eff25,14710098,,complete,,6938a58edf434b9f87cd0a5c,computer,Desktop or Laptop,Windows 10,Edge 143.0.0.0,1536x864,1528x698,day1done,,,Stem completion (no orth),8,day1done,attention_pass,audio-Success,,,A,,,,,eligible,stemCompletion_all,stemCompletion_all,14,5,3,Screen 2,advancementZone,audio_recording,239.40000000596046,,TRANSCODING FINISH,0,,,,,,,1,stemComp,mo.mp3,mowel,MO___
56,1765320186809,09/12/2025 22:43:06,1765320173538,-5,09/12/2025 17:42:53,250842,10,task-6wul,,51307383,670391e01385e6794f0eff25,14710098,,complete,,6938a58edf434b9f87cd0a5c,computer,Desktop or Laptop,Windows 10,Edge 143.0.0.0,1536x864,1528x698,day1done,,,Stem completion (no orth),8,day1done,attention_pass,audio-Success,,,A,,,,,eligible,stemCompletion_all,stemCompletion_all,14,5,3,Screen 2,advancementZone,audio_recording,243.79999999701977,,250842-10-14710098-task-6wul-51307383-mowel-6-3.mp3,0,,,,,,,1,stemComp,mo.mp3,mowel,MO___
57,1765320186809,09/12/2025 22:43:06,1765320173539,-5,09/12/2025 17:42:53,250842,10,task-6wul,,51307383,670391e01385e6794f0eff25,14710098,,complete,,6938a58edf434b9f87cd0a5c,computer,Desktop or Laptop,Windows 10,Edge 143.0.0.0,1536x864,1528x698,day1done,,,Stem completion (no orth),8,day1done,attention_pass,audio-Success,,,A,,,,,eligible,stemCompletion_all,stemCompletion_all,14,5,3,Screen 2,advancementZone,audio_recording,244.29999999701977,,https://app.gorilla.sc/uploads/schedule/51307383?filename=mowel-6-3.mp3,0,,,,,,,1,stemComp,mo.mp3,mowel,MO___
58,1765320188216,09/12/2025 22:43:08,1765320174780,-5,09/12/2025 17:42:54,250842,10,task-6wul,,51307383,670391e01385e6794f0eff25,14710098,,complete,,6938a58edf434b9f87cd0a5c,computer,Desktop or Laptop,Windows 10,Edge 143.0.0.0,1536x864,1528x698,day1done,,,Stem completion (no orth),8,day1done,attention_pass,audio-Success,,,A,,,,,eligible,stemCompletion_all,stemCompletion_all,9,6,1,Screen 3,Zone1,timelimit_screen,1501.6000000000058,,,0,,,,,1,,1,stemComp,ra.mp3,rafar,RA___
59,1765320189519,09/12/2025 22:43:09,1765320176351,-5,09/12/2025 17:42:56,250842,10,task-6wul,,51307383,670391e01385e6794f0eff25,14710098,,complete,,6938a58edf434b9f87cd0a5c,computer,Desktop or Laptop,Windows 10,Edge 143.0.0.0,1536x864,1528x698,day1done,,,Stem completion (no orth),8,day1done,attention_pass,audio-Success,,,A,,,,,eligible,stemCompletion_all,stemCompletion_all,9,6,2,Screen 1,audioCue,content_audio,1552.9000000059605,,,0,,,,,,,1,stemComp,ra.mp3,rafar,RA___
60,1765320189707,09/12/2025 22:43:09,1765320176523,-5,09/12/2025 17:42:56,250842,10,task-6wul,,51307383,670391e01385e6794f0eff25,14710098,,complete,,6938a58edf434b9f87cd0a5c,computer,Desktop or Laptop,Windows 10,Edge 143.0.0.0,1536x864,1528x698,day1done,,,Stem completion (no orth),8,day1done,attention_pass,audio-Success,,,A,,,,,eligible,stemCompletion_all,stemCompletion_all,9,6,3,Screen 2,advancementZone,audio_recording,149.3999999910593,,STARTED RECORDING,0,,,,,,,1,stemComp,ra.mp3,rafar,RA___
61,1765320192156,09/12/2025 22:43:12,1765320178976,-5,09/12/2025 17:42:58,250842,10,task-6wul,,51307383,670391e01385e6794f0eff25,14710098,,complete,,6938a58edf434b9f87cd0a5c,computer,Desktop or Laptop,Windows 10,Edge 143.0.0.0,1536x864,1528x698,day1done,,,Stem completion (no orth),8,day1done,attention_pass,audio-Success,,,A,,,,,eligible,stemCompletion_all,stemCompletion_all,9,6,3,Screen 2,Zone1,continue_button,2595.8999999910593,,,0,,,,,,,1,stemComp,ra.mp3,rafar,RA___
62,1765320192298,09/12/2025 22:43:12,1765320179060,-5,09/12/2025 17:42:59,250842,10,task-6wul,,51307383,670391e01385e6794f0eff25,14710098,,complete,,6938a58edf434b9f87cd0a5c,computer,Desktop or Laptop,Windows 10,Edge 143.0.0.0,1536x864,1528x698,day1done,,,Stem completion (no orth),8,day1done,attention_pass,audio-Success,,,A,,,,,eligible,stemCompletion_all,stemCompletion_all,9,6,3,Screen 2,advancementZone,audio_recording,2686.2999999970198,,STOPPED RECORDING,0,,,,,,,1,stemComp,ra.mp3,rafar,RA___
63,1765320192298,09/12/2025 22:43:12,1765320179062,-5,09/12/2025 17:42:59,250842,10,task-6wul,,51307383,670391e01385e6794f0eff25,14710098,,complete,,6938a58edf434b9f87cd0a5c,computer,Desktop or Laptop,Windows 10,Edge 143.0.0.0,1536x864,1528x698,day1done,,,Stem completion (no orth),8,day1done,attention_pass,audio-Success,,,A,,,,,eligible,stemCompletion_all,stemCompletion_all,9,6,3,Screen 2,advancementZone,audio_recording,2688.3999999910593,,TRANSCODING START,0,,,,,,,1,stemComp,ra.mp3,rafar,RA___
64,1765320193001,09/12/2025 22:43:13,1765320179828,-5,09/12/2025 17:42:59,250842,10,task-6wul,,51307383,670391e01385e6794f0eff25,14710098,,complete,,6938a58edf434b9f87cd0a5c,computer,Desktop or Laptop,Windows 10,Edge 143.0.0.0,1536x864,1528x698,day1done,,,Stem completion (no orth),8,day1done,attention_pass,audio-Success,,,A,,,,,eligible,stemCompletion_all,stemCompletion_all,9,6,3,Screen 2,advancementZone,audio_recording,325.3999999910593,,TRANSCODING FINISH,0,,,,,,,1,stemComp,ra.mp3,rafar,RA___
65,1765320193111,09/12/2025 22:43:13,1765320179831,-5,09/12/2025 17:42:59,250842,10,task-6wul,,51307383,670391e01385e6794f0eff25,14710098,,complete,,6938a58edf434b9f87cd0a5c,computer,Desktop or Laptop,Windows 10,Edge 143.0.0.0,1536x864,1528x698,day1done,,,Stem completion (no orth),8,day1done,attention_pass,audio-Success,,,A,,,,,eligible,stemCompletion_all,stemCompletion_all,9,6,3,Screen 2,advancementZone,audio_recording,329,,250842-10-14710098-task-6wul-51307383-rafar-7-3.mp3,0,,,,,,,1,stemComp,ra.mp3,rafar,RA___
66,1765320193111,09/12/2025 22:43:13,1765320179832,-5,09/12/2025 17:42:59,250842,10,task-6wul,,51307383,670391e01385e6794f0eff25,14710098,,complete,,6938a58edf434b9f87cd0a5c,computer,Desktop or Laptop,Windows 10,Edge 143.0.0.0,1536x864,1528x698,day1done,,,Stem completion (no orth),8,day1done,attention_pass,audio-Success,,,A,,,,,eligible,stemCompletion_all,stemCompletion_all,9,6,3,Screen 2,advancementZone,audio_recording,329.3999999910593,,https://app.gorilla.sc/uploads/schedule/51307383?filename=rafar-7-3.mp3,0,,,,,,,1,stemComp,ra.mp3,rafar,RA___
67,1765320194131,09/12/2025 22:43:14,1765320180970,-5,09/12/2025 17:43:00,250842,10,task-6wul,,51307383,670391e01385e6794f0eff25,14710098,,complete,,6938a58edf434b9f87cd0a5c,computer,Desktop or Laptop,Windows 10,Edge 143.0.0.0,1536x864,1528x698,day1done,,,Stem completion (no orth),8,day1done,attention_pass,audio-Success,,,A,,,,,eligible,stemCompletion_all,stemCompletion_all,11,7,1,Screen 3,Zone1,timelimit_screen,1501.6000000000058,,,0,,,,,1,,1,stemComp,pe.mp3,peflin,PE____
68,1765320195747,09/12/2025 22:43:15,1765320182571,-5,09/12/2025 17:43:02,250842,10,task-6wul,,51307383,670391e01385e6794f0eff25,14710098,,complete,,6938a58edf434b9f87cd0a5c,computer,Desktop or Laptop,Windows 10,Edge 143.0.0.0,1536x864,1528x698,day1done,,,Stem completion (no orth),8,day1done,attention_pass,audio-Success,,,A,,,,,eligible,stemCompletion_all,stemCompletion_all,11,7,2,Screen 1,audioCue,content_audio,1583.7999999970198,,,0,,,,,,,1,stemComp,pe.mp3,peflin,PE____
69,1765320195918,09/12/2025 22:43:15,1765320182742,-5,09/12/2025 17:43:02,250842,10,task-6wul,,51307383,670391e01385e6794f0eff25,14710098,,complete,,6938a58edf434b9f87cd0a5c,computer,Desktop or Laptop,Windows 10,Edge 143.0.0.0,1536x864,1528x698,day1done,,,Stem completion (no orth),8,day1done,attention_pass,audio-Success,,,A,,,,,eligible,stemCompletion_all,stemCompletion_all,11,7,3,Screen 2,advancementZone,audio_recording,149.1000000089407,,STARTED RECORDING,0,,,,,,,1,stemComp,pe.mp3,peflin,PE____
70,1765320198124,09/12/2025 22:43:18,1765320184678,-5,09/12/2025 17:43:04,250842,10,task-6wul,,51307383,670391e01385e6794f0eff25,14710098,,complete,,6938a58edf434b9f87cd0a5c,computer,Desktop or Laptop,Windows 10,Edge 143.0.0.0,1536x864,1528x698,day1done,,,Stem completion (no orth),8,day1done,attention_pass,audio-Success,,,A,,,,,eligible,stemCompletion_all,stemCompletion_all,11,7,3,Screen 2,Zone1,continue_button,2076.5,,,0,,,,,,,1,stemComp,pe.mp3,peflin,PE____
71,1765320198239,09/12/2025 22:43:18,1765320184754,-5,09/12/2025 17:43:04,250842,10,task-6wul,,51307383,670391e01385e6794f0eff25,14710098,,complete,,6938a58edf434b9f87cd0a5c,computer,Desktop or Laptop,Windows 10,Edge 143.0.0.0,1536x864,1528x698,day1done,,,Stem completion (no orth),8,day1done,attention_pass,audio-Success,,,A,,,,,eligible,stemCompletion_all,stemCompletion_all,11,7,3,Screen 2,advancementZone,audio_recording,2160.7999999970198,,STOPPED RECORDING,0,,,,,,,1,stemComp,pe.mp3,peflin,PE____
72,1765320198239,09/12/2025 22:43:18,1765320184756,-5,09/12/2025 17:43:04,250842,10,task-6wul,,51307383,670391e01385e6794f0eff25,14710098,,complete,,6938a58edf434b9f87cd0a5c,computer,Desktop or Laptop,Windows 10,Edge 143.0.0.0,1536x864,1528x698,day1done,,,Stem completion (no orth),8,day1done,attention_pass,audio-Success,,,A,,,,,eligible,stemCompletion_all,stemCompletion_all,11,7,3,Screen 2,advancementZone,audio_recording,2162.9000000059605,,TRANSCODING START,0,,,,,,,1,stemComp,pe.mp3,peflin,PE____
73,1765320198600,09/12/2025 22:43:18,1765320185422,-5,09/12/2025 17:43:05,250842,10,task-6wul,,51307383,670391e01385e6794f0eff25,14710098,,complete,,6938a58edf434b9f87cd0a5c,computer,Desktop or Laptop,Windows 10,Edge 143.0.0.0,1536x864,1528x698,day1done,,,Stem completion (no orth),8,day1done,attention_pass,audio-Success,,,A,,,,,eligible,stemCompletion_all,stemCompletion_all,11,7,3,Screen 2,advancementZone,audio_recording,251.09999999403954,,TRANSCODING FINISH,0,,,,,,,1,stemComp,pe.mp3,peflin,PE____
74,1765320198718,09/12/2025 22:43:18,1765320185428,-5,09/12/2025 17:43:05,250842,10,task-6wul,,51307383,670391e01385e6794f0eff25,14710098,,complete,,6938a58edf434b9f87cd0a5c,computer,Desktop or Laptop,Windows 10,Edge 143.0.0.0,1536x864,1528x698,day1done,,,Stem completion (no orth),8,day1done,attention_pass,audio-Success,,,A,,,,,eligible,stemCompletion_all,stemCompletion_all,11,7,3,Screen 2,advancementZone,audio_recording,256.8999999910593,,250842-10-14710098-task-6wul-51307383-peflin-8-3.mp3,0,,,,,,,1,stemComp,pe.mp3,peflin,PE____
75,1765320198718,09/12/2025 22:43:18,1765320185428,-5,09/12/2025 17:43:05,250842,10,task-6wul,,51307383,670391e01385e6794f0eff25,14710098,,complete,,6938a58edf434b9f87cd0a5c,computer,Desktop or Laptop,Windows 10,Edge 143.0.0.0,1536x864,1528x698,day1done,,,Stem completion (no orth),8,day1done,attention_pass,audio-Success,,,A,,,,,eligible,stemCompletion_all,stemCompletion_all,11,7,3,Screen 2,advancementZone,audio_recording,257.3999999910593,,https://app.gorilla.sc/uploads/schedule/51307383?filename=peflin-8-3.mp3,0,,,,,,,1,stemComp,pe.mp3,peflin,PE____
76,1765320199826,09/12/2025 22:43:19,1765320186658,-5,09/12/2025 17:43:06,250842,10,task-6wul,,51307383,670391e01385e6794f0eff25,14710098,,complete,,6938a58edf434b9f87cd0a5c,computer,Desktop or Laptop,Windows 10,Edge 143.0.0.0,1536x864,1528x698,day1done,,,Stem completion (no orth),8,day1done,attention_pass,audio-Success,,,A,,,,,eligible,stemCompletion_all,stemCompletion_all,17,8,1,Screen 3,Zone1,timelimit_screen,1501.800000000003,,,0,,,,,1,,1,stemComp,ba.mp3,ballow,BA____
77,1765320201393,09/12/2025 22:43:21,1765320188230,-5,09/12/2025 17:43:08,250842,10,task-6wul,,51307383,670391e01385e6794f0eff25,14710098,,complete,,6938a58edf434b9f87cd0a5c,computer,Desktop or Laptop,Windows 10,Edge 143.0.0.0,1536x864,1528x698,day1done,,,Stem completion (no orth),8,day1done,attention_pass,audio-Success,,,A,,,,,eligible,stemCompletion_all,stemCompletion_all,17,8,2,Screen 1,audioCue,content_audio,1554.0999999940395,,,0,,,,,,,1,stemComp,ba.mp3,ballow,BA____
78,1765320201551,09/12/2025 22:43:21,1765320188375,-5,09/12/2025 17:43:08,250842,10,task-6wul,,51307383,670391e01385e6794f0eff25,14710098,,complete,,6938a58edf434b9f87cd0a5c,computer,Desktop or Laptop,Windows 10,Edge 143.0.0.0,1536x864,1528x698,day1done,,,Stem completion (no orth),8,day1done,attention_pass,audio-Success,,,A,,,,,eligible,stemCompletion_all,stemCompletion_all,17,8,3,Screen 2,advancementZone,audio_recording,126,,STARTED RECORDING,0,,,,,,,1,stemComp,ba.mp3,ballow,BA____
79,1765320203246,09/12/2025 22:43:23,1765320190085,-5,09/12/2025 17:43:10,250842,10,task-6wul,,51307383,670391e01385e6794f0eff25,14710098,,complete,,6938a58edf434b9f87cd0a5c,computer,Desktop or Laptop,Windows 10,Edge 143.0.0.0,1536x864,1528x698,day1done,,,Stem completion (no orth),8,day1done,attention_pass,audio-Success,,,A,,,,,eligible,stemCompletion_all,stemCompletion_all,17,8,3,Screen 2,Zone1,continue_button,1829.699999988079,,,0,,,,,,,1,stemComp,ba.mp3,ballow,BA____
80,1765320203386,09/12/2025 22:43:23,1765320190157,-5,09/12/2025 17:43:10,250842,10,task-6wul,,51307383,670391e01385e6794f0eff25,14710098,,complete,,6938a58edf434b9f87cd0a5c,computer,Desktop or Laptop,Windows 10,Edge 143.0.0.0,1536x864,1528x698,day1done,,,Stem completion (no orth),8,day1done,attention_pass,audio-Success,,,A,,,,,eligible,stemCompletion_all,stemCompletion_all,17,8,3,Screen 2,advancementZone,audio_recording,1907.8999999910593,,STOPPED RECORDING,0,,,,,,,1,stemComp,ba.mp3,ballow,BA____
81,1765320203386,09/12/2025 22:43:23,1765320190159,-5,09/12/2025 17:43:10,250842,10,task-6wul,,51307383,670391e01385e6794f0eff25,14710098,,complete,,6938a58edf434b9f87cd0a5c,computer,Desktop or Laptop,Windows 10,Edge 143.0.0.0,1536x864,1528x698,day1done,,,Stem completion (no orth),8,day1done,attention_pass,audio-Success,,,A,,,,,eligible,stemCompletion_all,stemCompletion_all,17,8,3,Screen 2,advancementZone,audio_recording,1910,,TRANSCODING START,0,,,,,,,1,stemComp,ba.mp3,ballow,BA____
82,1765320203938,09/12/2025 22:43:23,1765320190774,-5,09/12/2025 17:43:10,250842,10,task-6wul,,51307383,670391e01385e6794f0eff25,14710098,,complete,,6938a58edf434b9f87cd0a5c,computer,Desktop or Laptop,Windows 10,Edge 143.0.0.0,1536x864,1528x698,day1done,,,Stem completion (no orth),8,day1done,attention_pass,audio-Success,,,A,,,,,eligible,stemCompletion_all,stemCompletion_all,17,8,3,Screen 2,advancementZone,audio_recording,200.5,,TRANSCODING FINISH,0,,,,,,,1,stemComp,ba.mp3,ballow,BA____
83,1765320204057,09/12/2025 22:43:24,1765320190778,-5,09/12/2025 17:43:10,250842,10,task-6wul,,51307383,670391e01385e6794f0eff25,14710098,,complete,,6938a58edf434b9f87cd0a5c,computer,Desktop or Laptop,Windows 10,Edge 143.0.0.0,1536x864,1528x698,day1done,,,Stem completion (no orth),8,day1done,attention_pass,audio-Success,,,A,,,,,eligible,stemCompletion_all,stemCompletion_all,17,8,3,Screen 2,advancementZone,audio_recording,204.79999999701977,,250842-10-14710098-task-6wul-51307383-ballow-9-3.mp3,0,,,,,,,1,stemComp,ba.mp3,ballow,BA____
84,1765320204057,09/12/2025 22:43:24,1765320190779,-5,09/12/2025 17:43:10,250842,10,task-6wul,,51307383,670391e01385e6794f0eff25,14710098,,complete,,6938a58edf434b9f87cd0a5c,computer,Desktop or Laptop,Windows 10,Edge 143.0.0.0,1536x864,1528x698,day1done,,,Stem completion (no orth),8,day1done,attention_pass,audio-Success,,,A,,,,,eligible,stemCompletion_all,stemCompletion_all,17,8,3,Screen 2,advancementZone,audio_recording,205.19999998807907,,https://app.gorilla.sc/uploads/schedule/51307383?filename=ballow-9-3.mp3,0,,,,,,,1,stemComp,ba.mp3,ballow,BA____
85,1765320205227,09/12/2025 22:43:25,1765320192063,-5,09/12/2025 17:43:12,250842,10,task-6wul,,51307383,670391e01385e6794f0eff25,14710098,,complete,,6938a58edf434b9f87cd0a5c,computer,Desktop or Laptop,Windows 10,Edge 143.0.0.0,1536x864,1528x698,day1done,,,Stem completion (no orth),8,day1done,attention_pass,audio-Success,,,A,,,,,eligible,stemCompletion_all,stemCompletion_all,10,9,1,Screen 3,Zone1,timelimit_screen,1501.800000000003,,,0,,,,,1,,1,stemComp,pu.mp3,pungus,PU____
86,1765320206791,09/12/2025 22:43:26,1765320193631,-5,09/12/2025 17:43:13,250842,10,task-6wul,,51307383,670391e01385e6794f0eff25,14710098,,complete,,6938a58edf434b9f87cd0a5c,computer,Desktop or Laptop,Windows 10,Edge 143.0.0.0,1536x864,1528x698,day1done,,,Stem completion (no orth),8,day1done,attention_pass,audio-Success,,,A,,,,,eligible,stemCompletion_all,stemCompletion_all,10,9,2,Screen 1,audioCue,content_audio,1562,,,0,,,,,,,1,stemComp,pu.mp3,pungus,PU____
87,1765320206905,09/12/2025 22:43:26,1765320193696,-5,09/12/2025 17:43:13,250842,10,task-6wul,,51307383,670391e01385e6794f0eff25,14710098,,complete,,6938a58edf434b9f87cd0a5c,computer,Desktop or Laptop,Windows 10,Edge 143.0.0.0,1536x864,1528x698,day1done,,,Stem completion (no orth),8,day1done,attention_pass,audio-Success,,,A,,,,,eligible,stemCompletion_all,stemCompletion_all,10,9,3,Screen 2,advancementZone,audio_recording,43.5,,STARTED RECORDING,0,,,,,,,1,stemComp,pu.mp3,pungus,PU____
88,1765320209402,09/12/2025 22:43:29,1765320195950,-5,09/12/2025 17:43:15,250842,10,task-6wul,,51307383,670391e01385e6794f0eff25,14710098,,complete,,6938a58edf434b9f87cd0a5c,computer,Desktop or Laptop,Windows 10,Edge 143.0.0.0,1536x864,1528x698,day1done,,,Stem completion (no orth),8,day1done,attention_pass,audio-Success,,,A,,,,,eligible,stemCompletion_all,stemCompletion_all,10,9,3,Screen 2,Zone1,continue_button,2290.9000000059605,,,0,,,,,,,1,stemComp,pu.mp3,pungus,PU____
89,1765320209524,09/12/2025 22:43:29,1765320196032,-5,09/12/2025 17:43:16,250842,10,task-6wul,,51307383,670391e01385e6794f0eff25,14710098,,complete,,6938a58edf434b9f87cd0a5c,computer,Desktop or Laptop,Windows 10,Edge 143.0.0.0,1536x864,1528x698,day1done,,,Stem completion (no orth),8,day1done,attention_pass,audio-Success,,,A,,,,,eligible,stemCompletion_all,stemCompletion_all,10,9,3,Screen 2,advancementZone,audio_recording,2379.4000000059605,,STOPPED RECORDING,0,,,,,,,1,stemComp,pu.mp3,pungus,PU____
90,1765320209524,09/12/2025 22:43:29,1765320196032,-5,09/12/2025 17:43:16,250842,10,task-6wul,,51307383,670391e01385e6794f0eff25,14710098,,complete,,6938a58edf434b9f87cd0a5c,computer,Desktop or Laptop,Windows 10,Edge 143.0.0.0,1536x864,1528x698,day1done,,,Stem completion (no orth),8,day1done,attention_pass,audio-Success,,,A,,,,,eligible,stemCompletion_all,stemCompletion_all,10,9,3,Screen 2,advancementZone,audio_recording,2380.2999999970198,,TRANSCODING START,0,,,,,,,1,stemComp,pu.mp3,pungus,PU____
91,1765320209900,09/12/2025 22:43:29,1765320196744,-5,09/12/2025 17:43:16,250842,10,task-6wul,,51307383,670391e01385e6794f0eff25,14710098,,complete,,6938a58edf434b9f87cd0a5c,computer,Desktop or Laptop,Windows 10,Edge 143.0.0.0,1536x864,1528x698,day1done,,,Stem completion (no orth),8,day1done,attention_pass,audio-Success,,,A,,,,,eligible,stemCompletion_all,stemCompletion_all,10,9,3,Screen 2,advancementZone,audio_recording,296.70000000298023,,TRANSCODING FINISH,0,,,,,,,1,stemComp,pu.mp3,pungus,PU____
92,1765320210023,09/12/2025 22:43:30,1765320196748,-5,09/12/2025 17:43:16,250842,10,task-6wul,,51307383,670391e01385e6794f0eff25,14710098,,complete,,6938a58edf434b9f87cd0a5c,computer,Desktop or Laptop,Windows 10,Edge 143.0.0.0,1536x864,1528x698,day1done,,,Stem completion (no orth),8,day1done,attention_pass,audio-Success,,,A,,,,,eligible,stemCompletion_all,stemCompletion_all,10,9,3,Screen 2,advancementZone,audio_recording,301.09999999403954,,250842-10-14710098-task-6wul-51307383-pungus-10-3.mp3,0,,,,,,,1,stemComp,pu.mp3,pungus,PU____
93,1765320210023,09/12/2025 22:43:30,1765320196749,-5,09/12/2025 17:43:16,250842,10,task-6wul,,51307383,670391e01385e6794f0eff25,14710098,,complete,,6938a58edf434b9f87cd0a5c,computer,Desktop or Laptop,Windows 10,Edge 143.0.0.0,1536x864,1528x698,day1done,,,Stem completion (no orth),8,day1done,attention_pass,audio-Success,,,A,,,,,eligible,stemCompletion_all,stemCompletion_all,10,9,3,Screen 2,advancementZone,audio_recording,301.40000000596046,,https://app.gorilla.sc/uploads/schedule/51307383?filename=pungus-10-3.mp3,0,,,,,,,1,stemComp,pu.mp3,pungus,PU____
94,1765320211107,09/12/2025 22:43:31,1765320197937,-5,09/12/2025 17:43:17,250842,10,task-6wul,,51307383,670391e01385e6794f0eff25,14710098,,complete,,6938a58edf434b9f87cd0a5c,computer,Desktop or Laptop,Windows 10,Edge 143.0.0.0,1536x864,1528x698,day1done,,,Stem completion (no orth),8,day1done,attention_pass,audio-Success,,,A,,,,,eligible,stemCompletion_all,stemCompletion_all,4,10,1,Screen 3,Zone1,timelimit_screen,1501.5999999999913,,,0,,,,,1,,1,stemComp,vo.mp3,vorgal,VO____
95,1765320212681,09/12/2025 22:43:32,1765320199511,-5,09/12/2025 17:43:19,250842,10,task-6wul,,51307383,670391e01385e6794f0eff25,14710098,,complete,,6938a58edf434b9f87cd0a5c,computer,Desktop or Laptop,Windows 10,Edge 143.0.0.0,1536x864,1528x698,day1done,,,Stem completion (no orth),8,day1done,attention_pass,audio-Success,,,A,,,,,eligible,stemCompletion_all,stemCompletion_all,4,10,2,Screen 1,audioCue,content_audio,1556.7000000029802,,,0,,,,,,,1,stemComp,vo.mp3,vorgal,VO____
96,1765320212815,09/12/2025 22:43:32,1765320199638,-5,09/12/2025 17:43:19,250842,10,task-6wul,,51307383,670391e01385e6794f0eff25,14710098,,complete,,6938a58edf434b9f87cd0a5c,computer,Desktop or Laptop,Windows 10,Edge 143.0.0.0,1536x864,1528x698,day1done,,,Stem completion (no orth),8,day1done,attention_pass,audio-Success,,,A,,,,,eligible,stemCompletion_all,stemCompletion_all,4,10,3,Screen 2,advancementZone,audio_recording,108.69999998807907,,STARTED RECORDING,0,,,,,,,1,stemComp,vo.mp3,vorgal,VO____
97,1765320214672,09/12/2025 22:43:34,1765320201509,-5,09/12/2025 17:43:21,250842,10,task-6wul,,51307383,670391e01385e6794f0eff25,14710098,,complete,,6938a58edf434b9f87cd0a5c,computer,Desktop or Laptop,Windows 10,Edge 143.0.0.0,1536x864,1528x698,day1done,,,Stem completion (no orth),8,day1done,attention_pass,audio-Success,,,A,,,,,eligible,stemCompletion_all,stemCompletion_all,4,10,3,Screen 2,Zone1,continue_button,1973.0999999940395,,,0,,,,,,,1,stemComp,vo.mp3,vorgal,VO____
98,1765320214807,09/12/2025 22:43:34,1765320201585,-5,09/12/2025 17:43:21,250842,10,task-6wul,,51307383,670391e01385e6794f0eff25,14710098,,complete,,6938a58edf434b9f87cd0a5c,computer,Desktop or Laptop,Windows 10,Edge 143.0.0.0,1536x864,1528x698,day1done,,,Stem completion (no orth),8,day1done,attention_pass,audio-Success,,,A,,,,,eligible,stemCompletion_all,stemCompletion_all,4,10,3,Screen 2,advancementZone,audio_recording,2056.3999999910593,,STOPPED RECORDING,0,,,,,,,1,stemComp,vo.mp3,vorgal,VO____
99,1765320214807,09/12/2025 22:43:34,1765320201587,-5,09/12/2025 17:43:21,250842,10,task-6wul,,51307383,670391e01385e6794f0eff25,14710098,,complete,,6938a58edf434b9f87cd0a5c,computer,Desktop or Laptop,Windows 10,Edge 143.0.0.0,1536x864,1528x698,day1done,,,Stem completion (no orth),8,day1done,attention_pass,audio-Success,,,A,,,,,eligible,stemCompletion_all,stemCompletion_all,4,10,3,Screen 2,advancementZone,audio_recording,2058.5,,TRANSCODING START,0,,,,,,,1,stemComp,vo.mp3,vorgal,VO____
100,1765320215431,09/12/2025 22:43:35,1765320202267,-5,09/12/2025 17:43:22,250842,10,task-6wul,,51307383,670391e01385e6794f0eff25,14710098,,complete,,6938a58edf434b9f87cd0a5c,computer,Desktop or Laptop,Windows 10,Edge 143.0.0.0,1536x864,1528x698,day1done,,,Stem completion (no orth),8,day1done,attention_pass,audio-Success,,,A,,,,,eligible,stemCompletion_all,stemCompletion_all,4,10,3,Screen 2,advancementZone,audio_recording,248,,TRANSCODING FINISH,0,,,,,,,1,stemComp,vo.mp3,vorgal,VO____
101,1765320215541,09/12/2025 22:43:35,1765320202272,-5,09/12/2025 17:43:22,250842,10,task-6wul,,51307383,670391e01385e6794f0eff25,14710098,,complete,,6938a58edf434b9f87cd0a5c,computer,Desktop or Laptop,Windows 10,Edge 143.0.0.0,1536x864,1528x698,day1done,,,Stem completion (no orth),8,day1done,attention_pass,audio-Success,,,A,,,,,eligible,stemCompletion_all,stemCompletion_all,4,10,3,Screen 2,advancementZone,audio_recording,253.70000000298023,,250842-10-14710098-task-6wul-51307383-vorgal-11-3.mp3,0,,,,,,,1,stemComp,vo.mp3,vorgal,VO____
102,1765320215541,09/12/2025 22:43:35,1765320202273,-5,09/12/2025 17:43:22,250842,10,task-6wul,,51307383,670391e01385e6794f0eff25,14710098,,complete,,6938a58edf434b9f87cd0a5c,computer,Desktop or Laptop,Windows 10,Edge 143.0.0.0,1536x864,1528x698,day1done,,,Stem completion (no orth),8,day1done,attention_pass,audio-Success,,,A,,,,,eligible,stemCompletion_all,stemCompletion_all,4,10,3,Screen 2,advancementZone,audio_recording,254.1000000089407,,https://app.gorilla.sc/uploads/schedule/51307383?filename=vorgal-11-3.mp3,0,,,,,,,1,stemComp,vo.mp3,vorgal,VO____
103,1765320216654,09/12/2025 22:43:36,1765320203491,-5,09/12/2025 17:43:23,250842,10,task-6wul,,51307383,670391e01385e6794f0eff25,14710098,,complete,,6938a58edf434b9f87cd0a5c,computer,Desktop or Laptop,Windows 10,Edge 143.0.0.0,1536x864,1528x698,day1done,,,Stem completion (no orth),8,day1done,attention_pass,audio-Success,,,A,,,,,eligible,stemCompletion_all,stemCompletion_all,7,11,1,Screen 3,Zone1,timelimit_screen,1501.699999999997,,,0,,,,,1,,1,stemComp,so.mp3,solly,SO___
104,1765320218490,09/12/2025 22:43:38,1765320205051,-5,09/12/2025 17:43:25,250842,10,task-6wul,,51307383,670391e01385e6794f0eff25,14710098,,complete,,6938a58edf434b9f87cd0a5c,computer,Desktop or Laptop,Windows 10,Edge 143.0.0.0,1536x864,1528x698,day1done,,,Stem completion (no orth),8,day1done,attention_pass,audio-Success,,,A,,,,,eligible,stemCompletion_all,stemCompletion_all,7,11,2,Screen 1,audioCue,content_audio,1553.3999999910593,,,0,,,,,,,1,stemComp,so.mp3,solly,SO___
105,1765320218631,09/12/2025 22:43:38,1765320205196,-5,09/12/2025 17:43:25,250842,10,task-6wul,,51307383,670391e01385e6794f0eff25,14710098,,complete,,6938a58edf434b9f87cd0a5c,computer,Desktop or Laptop,Windows 10,Edge 143.0.0.0,1536x864,1528x698,day1done,,,Stem completion (no orth),8,day1done,attention_pass,audio-Success,,,A,,,,,eligible,stemCompletion_all,stemCompletion_all,7,11,3,Screen 2,advancementZone,audio_recording,125.70000000298023,,STARTED RECORDING,0,,,,,,,1,stemComp,so.mp3,solly,SO___
106,1765320220696,09/12/2025 22:43:40,1765320207534,-5,09/12/2025 17:43:27,250842,10,task-6wul,,51307383,670391e01385e6794f0eff25,14710098,,complete,,6938a58edf434b9f87cd0a5c,computer,Desktop or Laptop,Windows 10,Edge 143.0.0.0,1536x864,1528x698,day1done,,,Stem completion (no orth),8,day1done,attention_pass,audio-Success,,,A,,,,,eligible,stemCompletion_all,stemCompletion_all,7,11,3,Screen 2,Zone1,continue_button,2456.7000000029802,,,0,,,,,,,1,stemComp,so.mp3,solly,SO___
107,1765320220821,09/12/2025 22:43:40,1765320207616,-5,09/12/2025 17:43:27,250842,10,task-6wul,,51307383,670391e01385e6794f0eff25,14710098,,complete,,6938a58edf434b9f87cd0a5c,computer,Desktop or Laptop,Windows 10,Edge 143.0.0.0,1536x864,1528x698,day1done,,,Stem completion (no orth),8,day1done,attention_pass,audio-Success,,,A,,,,,eligible,stemCompletion_all,stemCompletion_all,7,11,3,Screen 2,advancementZone,audio_recording,2545.9000000059605,,STOPPED RECORDING,0,,,,,,,1,stemComp,so.mp3,solly,SO___
108,1765320220821,09/12/2025 22:43:40,1765320207618,-5,09/12/2025 17:43:27,250842,10,task-6wul,,51307383,670391e01385e6794f0eff25,14710098,,complete,,6938a58edf434b9f87cd0a5c,computer,Desktop or Laptop,Windows 10,Edge 143.0.0.0,1536x864,1528x698,day1done,,,Stem completion (no orth),8,day1done,attention_pass,audio-Success,,,A,,,,,eligible,stemCompletion_all,stemCompletion_all,7,11,3,Screen 2,advancementZone,audio_recording,2548.2000000029802,,TRANSCODING START,0,,,,,,,1,stemComp,so.mp3,solly,SO___
109,1765320221346,09/12/2025 22:43:41,1765320208170,-5,09/12/2025 17:43:28,250842,10,task-6wul,,51307383,670391e01385e6794f0eff25,14710098,,complete,,6938a58edf434b9f87cd0a5c,computer,Desktop or Laptop,Windows 10,Edge 143.0.0.0,1536x864,1528x698,day1done,,,Stem completion (no orth),8,day1done,attention_pass,audio-Success,,,A,,,,,eligible,stemCompletion_all,stemCompletion_all,7,11,3,Screen 2,advancementZone,audio_recording,142.30000001192093,,TRANSCODING FINISH,0,,,,,,,1,stemComp,so.mp3,solly,SO___
110,1765320221448,09/12/2025 22:43:41,1765320208173,-5,09/12/2025 17:43:28,250842,10,task-6wul,,51307383,670391e01385e6794f0eff25,14710098,,complete,,6938a58edf434b9f87cd0a5c,computer,Desktop or Laptop,Windows 10,Edge 143.0.0.0,1536x864,1528x698,day1done,,,Stem completion (no orth),8,day1done,attention_pass,audio-Success,,,A,,,,,eligible,stemCompletion_all,stemCompletion_all,7,11,3,Screen 2,advancementZone,audio_recording,145.90000000596046,,250842-10-14710098-task-6wul-51307383-solly-12-3.mp3,0,,,,,,,1,stemComp,so.mp3,solly,SO___
111,1765320221448,09/12/2025 22:43:41,1765320208174,-5,09/12/2025 17:43:28,250842,10,task-6wul,,51307383,670391e01385e6794f0eff25,14710098,,complete,,6938a58edf434b9f87cd0a5c,computer,Desktop or Laptop,Windows 10,Edge 143.0.0.0,1536x864,1528x698,day1done,,,Stem completion (no orth),8,day1done,attention_pass,audio-Success,,,A,,,,,eligible,stemCompletion_all,stemCompletion_all,7,11,3,Screen 2,advancementZone,audio_recording,146.30000001192093,,https://app.gorilla.sc/uploads/schedule/51307383?filename=solly-12-3.mp3,0,,,,,,,1,stemComp,so.mp3,solly,SO___
112,1765320222754,09/12/2025 22:43:42,1765320209515,-5,09/12/2025 17:43:29,250842,10,task-6wul,,51307383,670391e01385e6794f0eff25,14710098,,complete,,6938a58edf434b9f87cd0a5c,computer,Desktop or Laptop,Windows 10,Edge 143.0.0.0,1536x864,1528x698,day1done,,,Stem completion (no orth),8,day1done,attention_pass,audio-Success,,,A,,,,,eligible,stemCompletion_all,stemCompletion_all,15,12,1,Screen 3,Zone1,timelimit_screen,1501.6000000000058,,,0,,,,,1,,1,stemComp,fe.mp3,femod,FE___
113,1765320224259,09/12/2025 22:43:44,1765320211090,-5,09/12/2025 17:43:31,250842,10,task-6wul,,51307383,670391e01385e6794f0eff25,14710098,,complete,,6938a58edf434b9f87cd0a5c,computer,Desktop or Laptop,Windows 10,Edge 143.0.0.0,1536x864,1528x698,day1done,,,Stem completion (no orth),8,day1done,attention_pass,audio-Success,,,A,,,,,eligible,stemCompletion_all,stemCompletion_all,15,12,2,Screen 1,audioCue,content_audio,1558.9000000059605,,,0,,,,,,,1,stemComp,fe.mp3,femod,FE___
114,1765320224378,09/12/2025 22:43:44,1765320211175,-5,09/12/2025 17:43:31,250842,10,task-6wul,,51307383,670391e01385e6794f0eff25,14710098,,complete,,6938a58edf434b9f87cd0a5c,computer,Desktop or Laptop,Windows 10,Edge 143.0.0.0,1536x864,1528x698,day1done,,,Stem completion (no orth),8,day1done,attention_pass,audio-Success,,,A,,,,,eligible,stemCompletion_all,stemCompletion_all,15,12,3,Screen 2,advancementZone,audio_recording,66.29999999701977,,STARTED RECORDING,0,,,,,,,1,stemComp,fe.mp3,femod,FE___
115,1765320226850,09/12/2025 22:43:46,1765320213672,-5,09/12/2025 17:43:33,250842,10,task-6wul,,51307383,670391e01385e6794f0eff25,14710098,,complete,,6938a58edf434b9f87cd0a5c,computer,Desktop or Laptop,Windows 10,Edge 143.0.0.0,1536x864,1528x698,day1done,,,Stem completion (no orth),8,day1done,attention_pass,audio-Success,,,A,,,,,eligible,stemCompletion_all,stemCompletion_all,15,12,3,Screen 2,Zone1,continue_button,2555.5999999940395,,,0,,,,,,,1,stemComp,fe.mp3,femod,FE___
116,1765320226981,09/12/2025 22:43:46,1765320213757,-5,09/12/2025 17:43:33,250842,10,task-6wul,,51307383,670391e01385e6794f0eff25,14710098,,complete,,6938a58edf434b9f87cd0a5c,computer,Desktop or Laptop,Windows 10,Edge 143.0.0.0,1536x864,1528x698,day1done,,,Stem completion (no orth),8,day1done,attention_pass,audio-Success,,,A,,,,,eligible,stemCompletion_all,stemCompletion_all,15,12,3,Screen 2,advancementZone,audio_recording,2648.5999999940395,,STOPPED RECORDING,0,,,,,,,1,stemComp,fe.mp3,femod,FE___
117,1765320226981,09/12/2025 22:43:46,1765320213759,-5,09/12/2025 17:43:33,250842,10,task-6wul,,51307383,670391e01385e6794f0eff25,14710098,,complete,,6938a58edf434b9f87cd0a5c,computer,Desktop or Laptop,Windows 10,Edge 143.0.0.0,1536x864,1528x698,day1done,,,Stem completion (no orth),8,day1done,attention_pass,audio-Success,,,A,,,,,eligible,stemCompletion_all,stemCompletion_all,15,12,3,Screen 2,advancementZone,audio_recording,2650.5,,TRANSCODING START,0,,,,,,,1,stemComp,fe.mp3,femod,FE___
118,1765320227522,09/12/2025 22:43:47,1765320214361,-5,09/12/2025 17:43:34,250842,10,task-6wul,,51307383,670391e01385e6794f0eff25,14710098,,complete,,6938a58edf434b9f87cd0a5c,computer,Desktop or Laptop,Windows 10,Edge 143.0.0.0,1536x864,1528x698,day1done,,,Stem completion (no orth),8,day1done,attention_pass,audio-Success,,,A,,,,,eligible,stemCompletion_all,stemCompletion_all,15,12,3,Screen 2,advancementZone,audio_recording,191.6000000089407,,TRANSCODING FINISH,0,,,,,,,1,stemComp,fe.mp3,femod,FE___
119,1765320227653,09/12/2025 22:43:47,1765320214365,-5,09/12/2025 17:43:34,250842,10,task-6wul,,51307383,670391e01385e6794f0eff25,14710098,,complete,,6938a58edf434b9f87cd0a5c,computer,Desktop or Laptop,Windows 10,Edge 143.0.0.0,1536x864,1528x698,day1done,,,Stem completion (no orth),8,day1done,attention_pass,audio-Success,,,A,,,,,eligible,stemCompletion_all,stemCompletion_all,15,12,3,Screen 2,advancementZone,audio_recording,195.29999999701977,,250842-10-14710098-task-6wul-51307383-femod-13-3.mp3,0,,,,,,,1,stemComp,fe.mp3,femod,FE___
120,1765320227653,09/12/2025 22:43:47,1765320214366,-5,09/12/2025 17:43:34,250842,10,task-6wul,,51307383,670391e01385e6794f0eff25,14710098,,complete,,6938a58edf434b9f87cd0a5c,computer,Desktop or Laptop,Windows 10,Edge 143.0.0.0,1536x864,1528x698,day1done,,,Stem completion (no orth),8,day1done,attention_pass,audio-Success,,,A,,,,,eligible,stemCompletion_all,stemCompletion_all,15,12,3,Screen 2,advancementZone,audio_recording,195.79999999701977,,https://app.gorilla.sc/uploads/schedule/51307383?filename=femod-13-3.mp3,0,,,,,,,1,stemComp,fe.mp3,femod,FE___
121,1765320228823,09/12/2025 22:43:48,1765320215654,-5,09/12/2025 17:43:35,250842,10,task-6wul,,51307383,670391e01385e6794f0eff25,14710098,,complete,,6938a58edf434b9f87cd0a5c,computer,Desktop or Laptop,Windows 10,Edge 143.0.0.0,1536x864,1528x698,day1done,,,Stem completion (no orth),8,day1done,attention_pass,audio-Success,,,A,,,,,eligible,stemCompletion_all,stemCompletion_all,5,13,1,Screen 3,Zone1,timelimit_screen,1501.7000000000116,,,0,,,,,1,,1,stemComp,te.mp3,tesdar,TE____
122,1765320230398,09/12/2025 22:43:50,1765320217231,-5,09/12/2025 17:43:37,250842,10,task-6wul,,51307383,670391e01385e6794f0eff25,14710098,,complete,,6938a58edf434b9f87cd0a5c,computer,Desktop or Laptop,Windows 10,Edge 143.0.0.0,1536x864,1528x698,day1done,,,Stem completion (no orth),8,day1done,attention_pass,audio-Success,,,A,,,,,eligible,stemCompletion_all,stemCompletion_all,5,13,2,Screen 1,audioCue,content_audio,1559.2000000029802,,,0,,,,,,,1,stemComp,te.mp3,tesdar,TE____
123,1765320230562,09/12/2025 22:43:50,1765320217385,-5,09/12/2025 17:43:37,250842,10,task-6wul,,51307383,670391e01385e6794f0eff25,14710098,,complete,,6938a58edf434b9f87cd0a5c,computer,Desktop or Laptop,Windows 10,Edge 143.0.0.0,1536x864,1528x698,day1done,,,Stem completion (no orth),8,day1done,attention_pass,audio-Success,,,A,,,,,eligible,stemCompletion_all,stemCompletion_all,5,13,3,Screen 2,advancementZone,audio_recording,135.5,,STARTED RECORDING,0,,,,,,,1,stemComp,te.mp3,tesdar,TE____
124,1765320232117,09/12/2025 22:43:52,1765320218938,-5,09/12/2025 17:43:38,250842,10,task-6wul,,51307383,670391e01385e6794f0eff25,14710098,,complete,,6938a58edf434b9f87cd0a5c,computer,Desktop or Laptop,Windows 10,Edge 143.0.0.0,1536x864,1528x698,day1done,,,Stem completion (no orth),8,day1done,attention_pass,audio-Success,,,A,,,,,eligible,stemCompletion_all,stemCompletion_all,5,13,3,Screen 2,Zone1,continue_button,1682.3999999910593,,,0,,,,,,,1,stemComp,te.mp3,tesdar,TE____
125,1765320232241,09/12/2025 22:43:52,1765320219010,-5,09/12/2025 17:43:39,250842,10,task-6wul,,51307383,670391e01385e6794f0eff25,14710098,,complete,,6938a58edf434b9f87cd0a5c,computer,Desktop or Laptop,Windows 10,Edge 143.0.0.0,1536x864,1528x698,day1done,,,Stem completion (no orth),8,day1done,attention_pass,audio-Success,,,A,,,,,eligible,stemCompletion_all,stemCompletion_all,5,13,3,Screen 2,advancementZone,audio_recording,1760.5999999940395,,STOPPED RECORDING,0,,,,,,,1,stemComp,te.mp3,tesdar,TE____
126,1765320232241,09/12/2025 22:43:52,1765320219013,-5,09/12/2025 17:43:39,250842,10,task-6wul,,51307383,670391e01385e6794f0eff25,14710098,,complete,,6938a58edf434b9f87cd0a5c,computer,Desktop or Laptop,Windows 10,Edge 143.0.0.0,1536x864,1528x698,day1done,,,Stem completion (no orth),8,day1done,attention_pass,audio-Success,,,A,,,,,eligible,stemCompletion_all,stemCompletion_all,5,13,3,Screen 2,advancementZone,audio_recording,1762.5999999940395,,TRANSCODING START,0,,,,,,,1,stemComp,te.mp3,tesdar,TE____
127,1765320232657,09/12/2025 22:43:52,1765320219488,-5,09/12/2025 17:43:39,250842,10,task-6wul,,51307383,670391e01385e6794f0eff25,14710098,,complete,,6938a58edf434b9f87cd0a5c,computer,Desktop or Laptop,Windows 10,Edge 143.0.0.0,1536x864,1528x698,day1done,,,Stem completion (no orth),8,day1done,attention_pass,audio-Success,,,A,,,,,eligible,stemCompletion_all,stemCompletion_all,5,13,3,Screen 2,advancementZone,audio_recording,55.29999999701977,,TRANSCODING FINISH,0,,,,,,,1,stemComp,te.mp3,tesdar,TE____
128,1765320232777,09/12/2025 22:43:52,1765320219492,-5,09/12/2025 17:43:39,250842,10,task-6wul,,51307383,670391e01385e6794f0eff25,14710098,,complete,,6938a58edf434b9f87cd0a5c,computer,Desktop or Laptop,Windows 10,Edge 143.0.0.0,1536x864,1528x698,day1done,,,Stem completion (no orth),8,day1done,attention_pass,audio-Success,,,A,,,,,eligible,stemCompletion_all,stemCompletion_all,5,13,3,Screen 2,advancementZone,audio_recording,59,,250842-10-14710098-task-6wul-51307383-tesdar-14-3.mp3,0,,,,,,,1,stemComp,te.mp3,tesdar,TE____
129,1765320232777,09/12/2025 22:43:52,1765320219492,-5,09/12/2025 17:43:39,250842,10,task-6wul,,51307383,670391e01385e6794f0eff25,14710098,,complete,,6938a58edf434b9f87cd0a5c,computer,Desktop or Laptop,Windows 10,Edge 143.0.0.0,1536x864,1528x698,day1done,,,Stem completion (no orth),8,day1done,attention_pass,audio-Success,,,A,,,,,eligible,stemCompletion_all,stemCompletion_all,5,13,3,Screen 2,advancementZone,audio_recording,59.3999999910593,,https://app.gorilla.sc/uploads/schedule/51307383?filename=tesdar-14-3.mp3,0,,,,,,,1,stemComp,te.mp3,tesdar,TE____
130,1765320234101,09/12/2025 22:43:54,1765320220926,-5,09/12/2025 17:43:40,250842,10,task-6wul,,51307383,670391e01385e6794f0eff25,14710098,,complete,,6938a58edf434b9f87cd0a5c,computer,Desktop or Laptop,Windows 10,Edge 143.0.0.0,1536x864,1528x698,day1done,,,Stem completion (no orth),8,day1done,attention_pass,audio-Success,,,A,,,,,eligible,stemCompletion_all,stemCompletion_all,12,14,1,Screen 3,Zone1,timelimit_screen,1501.7999999999884,,,0,,,,,1,,1,stemComp,pa.mp3,parung,PA____
131,1765320235875,09/12/2025 22:43:55,1765320222490,-5,09/12/2025 17:43:42,250842,10,task-6wul,,51307383,670391e01385e6794f0eff25,14710098,,complete,,6938a58edf434b9f87cd0a5c,computer,Desktop or Laptop,Windows 10,Edge 143.0.0.0,1536x864,1528x698,day1done,,,Stem completion (no orth),8,day1done,attention_pass,audio-Success,,,A,,,,,eligible,stemCompletion_all,stemCompletion_all,12,14,2,Screen 1,audioCue,content_audio,1544.7000000029802,,,0,,,,,,,1,stemComp,pa.mp3,parung,PA____
132,1765320236208,09/12/2025 22:43:56,1765320222553,-5,09/12/2025 17:43:42,250842,10,task-6wul,,51307383,670391e01385e6794f0eff25,14710098,,complete,,6938a58edf434b9f87cd0a5c,computer,Desktop or Laptop,Windows 10,Edge 143.0.0.0,1536x864,1528x698,day1done,,,Stem completion (no orth),8,day1done,attention_pass,audio-Success,,,A,,,,,eligible,stemCompletion_all,stemCompletion_all,12,14,3,Screen 2,advancementZone,audio_recording,43,,STARTED RECORDING,0,,,,,,,1,stemComp,pa.mp3,parung,PA____
133,1765320239061,09/12/2025 22:43:59,1765320225615,-5,09/12/2025 17:43:45,250842,10,task-6wul,,51307383,670391e01385e6794f0eff25,14710098,,complete,,6938a58edf434b9f87cd0a5c,computer,Desktop or Laptop,Windows 10,Edge 143.0.0.0,1536x864,1528x698,day1done,,,Stem completion (no orth),8,day1done,attention_pass,audio-Success,,,A,,,,,eligible,stemCompletion_all,stemCompletion_all,12,14,3,Screen 2,Zone1,continue_button,3096.8999999910593,,,0,,,,,,,1,stemComp,pa.mp3,parung,PA____
134,1765320239180,09/12/2025 22:43:59,1765320225693,-5,09/12/2025 17:43:45,250842,10,task-6wul,,51307383,670391e01385e6794f0eff25,14710098,,complete,,6938a58edf434b9f87cd0a5c,computer,Desktop or Laptop,Windows 10,Edge 143.0.0.0,1536x864,1528x698,day1done,,,Stem completion (no orth),8,day1done,attention_pass,audio-Success,,,A,,,,,eligible,stemCompletion_all,stemCompletion_all,12,14,3,Screen 2,advancementZone,audio_recording,3183.7999999970198,,STOPPED RECORDING,0,,,,,,,1,stemComp,pa.mp3,parung,PA____
135,1765320239180,09/12/2025 22:43:59,1765320225696,-5,09/12/2025 17:43:45,250842,10,task-6wul,,51307383,670391e01385e6794f0eff25,14710098,,complete,,6938a58edf434b9f87cd0a5c,computer,Desktop or Laptop,Windows 10,Edge 143.0.0.0,1536x864,1528x698,day1done,,,Stem completion (no orth),8,day1done,attention_pass,audio-Success,,,A,,,,,eligible,stemCompletion_all,stemCompletion_all,12,14,3,Screen 2,advancementZone,audio_recording,3186.3999999910593,,TRANSCODING START,0,,,,,,,1,stemComp,pa.mp3,parung,PA____
136,1765320239662,09/12/2025 22:43:59,1765320226496,-5,09/12/2025 17:43:46,250842,10,task-6wul,,51307383,670391e01385e6794f0eff25,14710098,,complete,,6938a58edf434b9f87cd0a5c,computer,Desktop or Laptop,Windows 10,Edge 143.0.0.0,1536x864,1528x698,day1done,,,Stem completion (no orth),8,day1done,attention_pass,audio-Success,,,A,,,,,eligible,stemCompletion_all,stemCompletion_all,12,14,3,Screen 2,advancementZone,audio_recording,382.8999999910593,,TRANSCODING FINISH,0,,,,,,,1,stemComp,pa.mp3,parung,PA____
137,1765320239768,09/12/2025 22:43:59,1765320226501,-5,09/12/2025 17:43:46,250842,10,task-6wul,,51307383,670391e01385e6794f0eff25,14710098,,complete,,6938a58edf434b9f87cd0a5c,computer,Desktop or Laptop,Windows 10,Edge 143.0.0.0,1536x864,1528x698,day1done,,,Stem completion (no orth),8,day1done,attention_pass,audio-Success,,,A,,,,,eligible,stemCompletion_all,stemCompletion_all,12,14,3,Screen 2,advancementZone,audio_recording,387.8999999910593,,250842-10-14710098-task-6wul-51307383-parung-15-3.mp3,0,,,,,,,1,stemComp,pa.mp3,parung,PA____
138,1765320239768,09/12/2025 22:43:59,1765320226502,-5,09/12/2025 17:43:46,250842,10,task-6wul,,51307383,670391e01385e6794f0eff25,14710098,,complete,,6938a58edf434b9f87cd0a5c,computer,Desktop or Laptop,Windows 10,Edge 143.0.0.0,1536x864,1528x698,day1done,,,Stem completion (no orth),8,day1done,attention_pass,audio-Success,,,A,,,,,eligible,stemCompletion_all,stemCompletion_all,12,14,3,Screen 2,advancementZone,audio_recording,388.29999999701977,,https://app.gorilla.sc/uploads/schedule/51307383?filename=parung-15-3.mp3,0,,,,,,,1,stemComp,pa.mp3,parung,PA____
139,1765320240768,09/12/2025 22:44:00,1765320227599,-5,09/12/2025 17:43:47,250842,10,task-6wul,,51307383,670391e01385e6794f0eff25,14710098,,complete,,6938a58edf434b9f87cd0a5c,computer,Desktop or Laptop,Windows 10,Edge 143.0.0.0,1536x864,1528x698,day1done,,,Stem completion (no orth),8,day1done,attention_pass,audio-Success,,,A,,,,,eligible,stemCompletion_all,stemCompletion_all,3,15,1,Screen 3,Zone1,timelimit_screen,1501.3999999999942,,,0,,,,,1,,1,stemComp,wa.mp3,wabon,WA___
140,1765320242339,09/12/2025 22:44:02,1765320229170,-5,09/12/2025 17:43:49,250842,10,task-6wul,,51307383,670391e01385e6794f0eff25,14710098,,complete,,6938a58edf434b9f87cd0a5c,computer,Desktop or Laptop,Windows 10,Edge 143.0.0.0,1536x864,1528x698,day1done,,,Stem completion (no orth),8,day1done,attention_pass,audio-Success,,,A,,,,,eligible,stemCompletion_all,stemCompletion_all,3,15,2,Screen 1,audioCue,content_audio,1553.7000000029802,,,0,,,,,,,1,stemComp,wa.mp3,wabon,WA___
141,1765320242454,09/12/2025 22:44:02,1765320229257,-5,09/12/2025 17:43:49,250842,10,task-6wul,,51307383,670391e01385e6794f0eff25,14710098,,complete,,6938a58edf434b9f87cd0a5c,computer,Desktop or Laptop,Windows 10,Edge 143.0.0.0,1536x864,1528x698,day1done,,,Stem completion (no orth),8,day1done,attention_pass,audio-Success,,,A,,,,,eligible,stemCompletion_all,stemCompletion_all,3,15,3,Screen 2,advancementZone,audio_recording,68.19999998807907,,STARTED RECORDING,0,,,,,,,1,stemComp,wa.mp3,wabon,WA___
142,1765320244017,09/12/2025 22:44:04,1765320230858,-5,09/12/2025 17:43:50,250842,10,task-6wul,,51307383,670391e01385e6794f0eff25,14710098,,complete,,6938a58edf434b9f87cd0a5c,computer,Desktop or Laptop,Windows 10,Edge 143.0.0.0,1536x864,1528x698,day1done,,,Stem completion (no orth),8,day1done,attention_pass,audio-Success,,,A,,,,,eligible,stemCompletion_all,stemCompletion_all,3,15,3,Screen 2,Zone1,continue_button,1661.5999999940395,,,0,,,,,,,1,stemComp,wa.mp3,wabon,WA___
143,1765320244139,09/12/2025 22:44:04,1765320230933,-5,09/12/2025 17:43:50,250842,10,task-6wul,,51307383,670391e01385e6794f0eff25,14710098,,complete,,6938a58edf434b9f87cd0a5c,computer,Desktop or Laptop,Windows 10,Edge 143.0.0.0,1536x864,1528x698,day1done,,,Stem completion (no orth),8,day1done,attention_pass,audio-Success,,,A,,,,,eligible,stemCompletion_all,stemCompletion_all,3,15,3,Screen 2,advancementZone,audio_recording,1744,,STOPPED RECORDING,0,,,,,,,1,stemComp,wa.mp3,wabon,WA___
144,1765320244139,09/12/2025 22:44:04,1765320230935,-5,09/12/2025 17:43:50,250842,10,task-6wul,,51307383,670391e01385e6794f0eff25,14710098,,complete,,6938a58edf434b9f87cd0a5c,computer,Desktop or Laptop,Windows 10,Edge 143.0.0.0,1536x864,1528x698,day1done,,,Stem completion (no orth),8,day1done,attention_pass,audio-Success,,,A,,,,,eligible,stemCompletion_all,stemCompletion_all,3,15,3,Screen 2,advancementZone,audio_recording,1746.5,,TRANSCODING START,0,,,,,,,1,stemComp,wa.mp3,wabon,WA___
145,1765320244584,09/12/2025 22:44:04,1765320231428,-5,09/12/2025 17:43:51,250842,10,task-6wul,,51307383,670391e01385e6794f0eff25,14710098,,complete,,6938a58edf434b9f87cd0a5c,computer,Desktop or Laptop,Windows 10,Edge 143.0.0.0,1536x864,1528x698,day1done,,,Stem completion (no orth),8,day1done,attention_pass,audio-Success,,,A,,,,,eligible,stemCompletion_all,stemCompletion_all,3,15,3,Screen 2,advancementZone,audio_recording,83.59999999403954,,TRANSCODING FINISH,0,,,,,,,1,stemComp,wa.mp3,wabon,WA___
146,1765320244713,09/12/2025 22:44:04,1765320231433,-5,09/12/2025 17:43:51,250842,10,task-6wul,,51307383,670391e01385e6794f0eff25,14710098,,complete,,6938a58edf434b9f87cd0a5c,computer,Desktop or Laptop,Windows 10,Edge 143.0.0.0,1536x864,1528x698,day1done,,,Stem completion (no orth),8,day1done,attention_pass,audio-Success,,,A,,,,,eligible,stemCompletion_all,stemCompletion_all,3,15,3,Screen 2,advancementZone,audio_recording,88.20000000298023,,250842-10-14710098-task-6wul-51307383-wabon-16-3.mp3,0,,,,,,,1,stemComp,wa.mp3,wabon,WA___
147,1765320244713,09/12/2025 22:44:04,1765320231433,-5,09/12/2025 17:43:51,250842,10,task-6wul,,51307383,670391e01385e6794f0eff25,14710098,,complete,,6938a58edf434b9f87cd0a5c,computer,Desktop or Laptop,Windows 10,Edge 143.0.0.0,1536x864,1528x698,day1done,,,Stem completion (no orth),8,day1done,attention_pass,audio-Success,,,A,,,,,eligible,stemCompletion_all,stemCompletion_all,3,15,3,Screen 2,advancementZone,audio_recording,88.70000000298023,,https://app.gorilla.sc/uploads/schedule/51307383?filename=wabon-16-3.mp3,0,,,,,,,1,stemComp,wa.mp3,wabon,WA___
148,1765320247063,09/12/2025 22:44:07,1765320233898,-5,09/12/2025 17:43:53,250842,10,task-6wul,,51307383,670391e01385e6794f0eff25,14710098,,complete,,6938a58edf434b9f87cd0a5c,computer,Desktop or Laptop,Windows 10,Edge 143.0.0.0,1536x864,1528x698,day1done,,,Stem completion (no orth),8,day1done,attention_pass,audio-Success,,,A,,,,,eligible,stemCompletion_all,stemCompletion_all,18,1,1,Screen 1,advancementZone,continue_button,2553.9000000059605,,,0,,,,,,,,stemComp-Finish,,,
149,1765320247190,09/12/2025 22:44:07,1765320233905,-5,09/12/2025 17:43:53,250842,10,task-6wul,,51307383,670391e01385e6794f0eff25,14710098,,complete,,6938a58edf434b9f87cd0a5c,computer,Desktop or Laptop,Windows 10,Edge 143.0.0.0,1536x864,1528x698,day1done,,,Stem completion (no orth),8,day1done,attention_pass,audio-Success,,,A,,,,,eligible,stemCompletion_all,,,END TASK,,,,,154689,,,,,,,,,,,,,,
END OF FILE,,,,,,,,,,,,,,,,,,,,,,,,,,,,,,,,,,,,,,,,,,,,,,,,,,,,,,,,,,,,,
